Age,DailyRate,DistanceFromHome,Education,EnvironmentSatisfaction,Gender,HourlyRate,JobInvolvement,JobLevel,JobSatisfaction,MonthlyIncome,MonthlyRate,NumCompaniesWorked,PercentSalaryHike,PerformanceRating,RelationshipSatisfaction,StockOptionLevel,TotalWorkingYears,TrainingTimesLastYear,WorkLifeBalance,YearsAtCompany,YearsInCurrentRole,YearsSinceLastPromotion,YearsWithCurrManager,IncomePerYearOfWork,ExperienceRatio,IsOverTime,RecentPromotion,WorkLifeSatisfaction,TenureEffect,EngagementScore,BusinessTravel_Travel_Frequently,BusinessTravel_Travel_Rarely,Department_Research & Development,Department_Sales,EducationField_Life Sciences,EducationField_Marketing,EducationField_Medical,EducationField_Other,EducationField_Technical Degree,JobRole_Human Resources,JobRole_Laboratory Technician,JobRole_Manager,JobRole_Manufacturing Director,JobRole_Research Director,JobRole_Research Scientist,JobRole_Sales Executive,JobRole_Sales Representative,MaritalStatus_Married,MaritalStatus_Single,OverTime_Yes,Attrition_Prob,At_Risk,Predicted_High_Performer,Attrition_Prob_Original,Attrition_Prob_After,Reduction
24,830,13,2,4,0,78,3,1,2,2033,7103,1,13,3,3,1,1,2,3,1,0,0,0,1016.5,0.04,0,1,6,2,3.0,False,False,False,True,True,False,False,False,False,False,False,False,False,False,False,False,True,True,False,False,0.492,False,Not-High,0.492,0.436,0.055999999999999994
44,1117,2,1,1,0,72,4,1,4,2011,19982,1,13,3,4,1,10,5,3,10,5,7,7,182.8181818181818,0.2222222222222222,0,0,12,50,3.0,False,True,True,False,True,False,False,False,False,False,False,False,False,False,True,False,False,True,False,False,0.108,False,Not-High,0.108,0.076,0.032
31,688,7,3,3,1,44,2,3,4,11557,25291,9,21,4,3,1,10,3,2,5,4,0,1,1926.1666666666667,0.15625,0,1,8,15,3.0,False,True,False,True,True,False,False,False,False,False,False,True,False,False,False,False,False,False,False,False,0.124,False,Not-High,0.124,0.12,0.0040000000000000036
44,1199,4,2,3,1,92,4,5,1,19190,17477,1,14,3,4,2,26,4,2,25,9,14,13,738.0769230769231,0.5555555555555556,0,0,2,100,2.5,False,True,True,False,True,False,False,False,False,False,False,True,False,False,False,False,False,False,False,False,0.04,False,Not-High,0.04,0.044,-0.003999999999999997
36,318,9,3,4,1,79,2,1,3,3388,21777,0,17,3,1,1,2,0,2,1,0,0,0,1694.0,0.02702702702702703,1,1,6,0,2.5,False,True,True,False,False,False,True,False,False,False,False,False,False,False,True,False,False,True,False,True,0.4,False,Not-High,0.4,0.168,0.232
40,448,16,3,3,0,84,3,3,4,7945,19948,6,15,3,4,0,18,2,2,4,2,3,3,1589.0,0.0975609756097561,1,0,8,8,3.25,False,True,True,False,True,False,False,False,False,False,False,False,True,False,False,False,False,False,True,True,0.268,False,Not-High,0.268,0.168,0.1
52,319,3,3,4,1,39,2,3,3,7969,19609,2,14,3,3,0,28,4,3,5,4,0,4,1328.1666666666667,0.09433962264150944,1,1,9,20,3.25,False,True,True,False,False,False,True,False,False,False,False,False,True,False,False,False,False,True,False,True,0.148,False,Not-High,0.148,0.072,0.076
43,823,6,3,1,0,81,2,5,3,19392,22539,7,13,3,4,0,21,2,3,16,12,6,14,1140.7058823529412,0.36363636363636365,0,0,9,32,2.75,False,True,True,False,False,False,True,False,False,False,False,True,False,False,False,False,False,True,False,False,0.2,False,Not-High,0.2,0.132,0.068
35,1370,27,4,4,1,49,3,2,3,6883,5151,2,16,3,2,1,17,3,3,7,7,0,7,860.375,0.19444444444444445,0,1,9,21,3.0,False,True,True,False,True,False,False,False,False,False,False,False,True,False,False,False,False,True,False,False,0.044,False,Not-High,0.044,0.052,-0.008
18,1431,14,3,2,0,33,3,1,3,1514,8018,1,16,3,3,0,0,4,1,0,0,0,0,1514.0,0.0,0,1,3,0,2.25,False,False,True,False,False,False,True,False,False,False,False,False,False,False,True,False,False,False,True,False,0.612,True,Not-High,0.612,0.444,0.16799999999999998
34,678,19,3,2,0,35,2,1,4,2929,20338,1,12,3,2,0,10,3,3,10,9,8,7,266.27272727272725,0.2857142857142857,0,0,12,30,2.75,False,True,True,False,True,False,False,False,False,False,False,False,False,False,True,False,False,True,False,False,0.16,False,Not-High,0.16,0.064,0.096
54,1082,2,4,3,0,41,2,3,3,10686,8392,6,11,3,2,1,13,4,3,9,4,7,0,1068.6,0.16363636363636364,0,0,9,36,2.75,False,True,False,True,True,False,False,False,False,False,False,False,False,False,False,True,False,True,False,False,0.292,False,Not-High,0.292,0.288,0.0040000000000000036
35,138,2,3,2,0,37,3,2,2,4425,15986,5,11,3,4,0,10,5,3,6,2,1,2,632.1428571428571,0.16666666666666666,0,1,6,30,2.75,True,False,True,False,False,False,True,False,False,False,True,False,False,False,False,False,False,False,True,False,0.248,False,High,0.248,0.252,-0.0040000000000000036
31,196,29,4,1,0,91,2,2,4,5468,13402,1,14,3,1,2,13,3,3,12,7,5,7,420.61538461538464,0.375,0,0,12,36,2.25,False,True,False,True,False,True,False,False,False,False,False,False,False,False,False,True,False,True,False,False,0.14,False,Not-High,0.14,0.172,-0.03199999999999997
51,968,6,2,2,0,40,2,1,3,2838,4257,0,14,3,2,0,8,6,2,7,0,7,7,354.75,0.1346153846153846,0,0,6,42,2.25,True,False,True,False,False,False,True,False,False,False,True,False,False,False,False,False,False,False,True,False,0.444,False,Not-High,0.444,0.328,0.11599999999999999
27,1220,5,3,3,0,85,3,1,2,2478,20938,1,12,3,2,0,4,2,2,4,3,1,2,495.6,0.14285714285714285,1,1,4,8,2.25,False,True,True,False,True,False,False,False,False,False,False,False,False,False,True,False,False,False,True,True,0.712,True,Not-High,0.712,0.288,0.424
41,645,1,3,2,1,49,4,3,1,8392,19566,1,16,3,3,1,10,2,3,10,7,0,7,762.9090909090909,0.23809523809523808,0,1,3,20,2.25,False,True,False,True,False,True,False,False,False,False,False,False,False,False,False,True,False,True,False,False,0.188,False,Not-High,0.188,0.216,-0.027999999999999997
38,1327,2,2,4,1,39,2,2,4,5249,19682,3,18,3,4,1,13,0,3,8,7,7,5,583.2222222222222,0.20512820512820512,0,0,12,0,3.75,False,False,False,True,True,False,False,False,False,False,False,False,False,False,False,True,False,True,False,False,0.14,False,Not-High,0.14,0.136,0.0040000000000000036
30,946,2,3,3,0,52,2,2,4,6877,20234,5,24,4,2,0,12,4,2,0,0,0,0,6877.0,0.0,1,1,8,0,2.75,False,True,True,False,False,False,True,False,False,False,False,False,True,False,False,False,False,False,True,True,0.436,False,High,0.436,0.28,0.15599999999999997
35,287,1,4,3,0,62,1,1,4,2977,8952,1,12,3,4,1,4,5,3,4,3,1,1,595.4,0.1111111111111111,0,1,12,20,3.5,False,True,True,False,True,False,False,False,False,False,False,False,False,False,True,False,False,True,False,False,0.084,False,Not-High,0.084,0.088,-0.00399999999999999
29,341,1,3,2,0,48,2,1,3,2800,23522,6,19,3,3,3,5,3,3,3,2,0,2,700.0,0.1,1,1,9,9,2.75,False,True,False,True,False,False,True,False,False,False,False,False,False,False,False,False,True,False,False,True,0.552,True,Not-High,0.552,0.324,0.22800000000000004
31,330,22,4,4,1,98,3,2,3,6179,21057,1,15,3,4,2,10,3,2,10,2,6,7,561.7272727272727,0.3125,1,0,6,30,3.25,False,True,True,False,False,False,True,False,False,False,False,False,True,False,False,False,False,True,False,True,0.108,False,Not-High,0.108,0.052,0.056
45,1457,7,3,1,0,83,3,1,3,4477,20100,4,19,3,3,1,7,2,2,3,2,0,2,1119.25,0.06521739130434782,1,1,6,6,2.25,False,True,True,False,False,False,True,False,False,False,False,False,False,False,True,False,False,True,False,True,0.288,False,Not-High,0.288,0.112,0.176
40,1142,8,2,4,1,72,3,2,4,4069,8841,3,18,3,3,0,8,2,3,2,2,2,2,1356.3333333333333,0.04878048780487805,1,0,12,4,3.5,False,False,True,False,True,False,False,False,False,False,False,False,False,False,False,False,False,False,False,True,0.1,False,Not-High,0.1,0.016,0.084
28,857,10,3,3,0,59,3,2,3,3660,7909,3,13,3,4,0,10,4,4,8,7,1,7,406.6666666666667,0.27586206896551724,0,1,12,32,3.5,False,True,True,False,False,False,False,True,False,False,False,False,False,False,True,False,False,False,True,False,0.104,False,Not-High,0.104,0.128,-0.024000000000000007
25,891,4,2,2,0,99,2,2,4,4487,12090,1,11,3,2,0,5,3,3,5,4,1,3,747.8333333333334,0.19230769230769232,1,1,12,15,2.75,False,True,False,True,True,False,False,False,False,False,False,False,False,False,False,True,False,False,True,True,0.384,False,Not-High,0.384,0.236,0.14800000000000002
42,855,12,3,2,1,57,3,1,2,2766,8952,8,22,4,2,3,7,6,2,5,3,0,4,461.0,0.11627906976744186,0,1,4,30,2.0,False,True,True,False,False,False,True,False,False,False,True,False,False,False,False,False,False,False,False,False,0.208,False,High,0.208,0.176,0.032
51,1150,8,4,1,1,53,1,3,4,10650,25150,2,15,3,4,0,18,2,3,4,2,0,3,2130.0,0.07692307692307693,0,1,12,8,3.0,True,False,True,False,True,False,False,False,False,False,False,False,True,False,False,False,False,False,True,False,0.116,False,Not-High,0.116,0.152,-0.03599999999999999
35,882,3,4,4,1,92,3,3,4,7823,6812,6,13,3,2,1,12,2,3,10,9,0,8,711.1818181818181,0.2777777777777778,0,1,12,20,3.25,False,True,False,True,True,False,False,False,False,False,False,False,False,False,False,True,False,False,False,False,0.068,False,Not-High,0.068,0.08,-0.011999999999999997
41,1360,12,3,2,0,49,3,5,3,19545,16280,1,12,3,4,0,23,0,3,22,15,15,8,849.7826086956521,0.5238095238095238,0,0,9,0,3.0,False,True,True,False,False,False,False,False,True,False,False,False,False,True,False,False,False,True,False,False,0.12,False,Not-High,0.12,0.1,0.01999999999999999
35,819,18,5,2,1,48,4,2,1,5208,26312,1,11,3,4,0,16,2,3,16,15,1,10,306.3529411764706,0.4444444444444444,0,1,3,32,2.5,False,True,True,False,True,False,False,False,False,False,False,False,False,False,True,False,False,True,False,False,0.12,False,Not-High,0.12,0.076,0.044
48,969,2,2,4,1,76,4,1,2,2559,16620,5,11,3,3,0,7,4,2,1,0,0,0,1279.5,0.02040816326530612,0,1,4,4,2.75,False,True,True,False,False,False,False,False,True,False,True,False,False,False,False,False,False,False,True,False,0.408,False,Not-High,0.408,0.348,0.06
45,252,2,3,2,0,95,2,1,3,2274,6153,1,14,3,4,0,1,3,3,1,0,0,0,1137.0,0.021739130434782608,0,1,9,3,3.0,False,True,True,False,True,False,False,False,False,False,False,False,False,False,True,False,False,False,True,False,0.384,False,Not-High,0.384,0.264,0.12
49,174,8,4,4,1,56,2,4,2,13120,11879,6,17,3,2,1,22,3,3,9,8,2,3,1312.0,0.18,0,0,6,27,2.75,False,True,False,True,False,False,False,False,True,False,False,False,False,False,False,True,False,True,False,False,0.256,False,Not-High,0.256,0.216,0.04000000000000001
34,546,10,3,2,1,83,3,1,2,2008,6896,1,14,3,2,2,1,3,3,1,0,1,0,1004.0,0.02857142857142857,0,1,6,3,2.25,False,True,True,False,True,False,False,False,False,False,True,False,False,False,False,False,False,False,False,False,0.488,False,Not-High,0.488,0.264,0.22399999999999998
33,1076,3,3,1,1,70,3,1,1,3348,3164,1,11,3,1,0,10,3,3,10,8,9,7,304.3636363636364,0.29411764705882354,1,0,3,30,1.5,True,False,True,False,True,False,False,False,False,False,False,False,False,False,True,False,False,False,True,True,0.644,True,Not-High,0.644,0.412,0.23200000000000004
37,397,7,4,1,1,30,3,3,3,13664,25258,4,13,3,1,0,16,3,4,5,2,0,2,2277.3333333333335,0.13157894736842105,0,1,12,15,2.25,False,True,True,False,False,False,True,False,False,False,False,False,False,True,False,False,False,False,True,False,0.12,False,Not-High,0.12,0.148,-0.027999999999999997
27,954,9,3,4,1,44,3,2,4,4105,5099,1,14,3,1,0,7,5,3,7,7,0,7,513.125,0.25,0,1,12,35,3.0,False,True,False,True,False,True,False,False,False,False,False,False,False,False,False,True,False,False,True,False,0.08,False,Not-High,0.08,0.172,-0.09199999999999998
30,853,7,4,3,1,49,3,2,3,3491,11309,1,13,3,1,3,10,4,2,10,7,8,9,317.3636363636364,0.3225806451612903,0,0,6,40,2.25,False,True,True,False,True,False,False,False,False,False,True,False,False,False,False,False,False,False,False,False,0.1,False,Not-High,0.1,0.064,0.036000000000000004
31,335,9,2,3,1,46,2,1,1,2321,10322,0,22,4,1,0,4,0,3,3,2,1,2,580.25,0.09375,1,1,3,0,2.0,False,False,True,False,False,False,True,False,False,False,False,False,False,False,True,False,False,False,True,True,0.764,True,High,0.764,0.432,0.332
51,313,3,3,4,0,98,3,4,2,13734,7192,3,18,3,3,0,21,6,3,7,7,1,0,1716.75,0.1346153846153846,0,1,6,42,3.0,False,True,True,False,False,False,True,False,False,False,False,False,False,False,False,False,False,False,True,False,0.08,False,Not-High,0.08,0.164,-0.084
24,477,24,3,4,1,49,3,1,2,3597,6409,8,22,4,4,0,6,2,3,4,3,1,2,719.4,0.16,0,1,6,8,3.25,False,True,True,False,False,False,True,False,False,False,True,False,False,False,False,False,False,False,True,False,0.22,False,High,0.22,0.256,-0.036000000000000004
43,1034,16,3,4,0,80,3,4,4,16064,7744,5,22,4,3,1,22,3,3,17,13,1,9,892.4444444444445,0.38636363636363635,1,1,12,51,3.5,False,True,False,True,False,True,False,False,False,False,False,True,False,False,False,False,False,True,False,True,0.092,False,High,0.092,0.116,-0.024000000000000007
56,1443,11,5,4,0,89,2,2,1,5380,20328,4,16,3,3,1,6,3,3,0,0,0,0,5380.0,0.0,0,1,3,0,2.75,False,True,False,True,False,True,False,False,False,False,False,False,False,False,False,True,False,True,False,False,0.18,False,Not-High,0.18,0.172,0.008000000000000007
30,241,7,3,2,1,48,2,1,2,2141,5348,1,12,3,2,1,6,3,2,6,4,1,1,305.85714285714283,0.1935483870967742,0,1,4,18,2.0,False,True,True,False,False,False,True,False,False,False,False,False,False,False,True,False,False,True,False,False,0.188,False,Not-High,0.188,0.14,0.04799999999999999
34,1480,4,3,3,1,64,3,3,4,9713,24444,2,13,3,4,3,9,3,3,5,3,1,0,1618.8333333333333,0.14285714285714285,1,1,12,15,3.5,False,True,False,True,True,False,False,False,False,False,False,False,False,False,False,True,False,True,False,True,0.14,False,Not-High,0.14,0.16,-0.01999999999999999
23,160,4,1,3,0,51,3,1,2,3295,12862,1,13,3,3,0,3,3,1,3,2,1,2,823.75,0.125,0,1,2,9,2.25,False,True,True,False,False,False,True,False,False,False,True,False,False,False,False,False,False,False,True,False,0.5,True,Not-High,0.5,0.428,0.07200000000000001
35,146,2,4,1,1,79,2,1,4,4930,13970,0,14,3,3,0,6,2,4,5,4,1,4,821.6666666666666,0.1388888888888889,1,1,16,10,3.0,True,False,True,False,False,False,True,False,False,False,False,False,False,False,True,False,False,False,True,True,0.308,False,Not-High,0.308,0.196,0.11199999999999999
39,1431,1,4,3,0,96,3,1,3,2232,15417,7,14,3,3,3,7,1,3,3,2,1,2,558.0,0.075,0,1,9,3,3.0,False,True,True,False,False,False,True,False,False,False,True,False,False,False,False,False,False,False,False,False,0.092,False,Not-High,0.092,0.116,-0.024000000000000007
28,304,9,4,2,1,92,3,2,4,5253,20750,1,16,3,4,0,7,1,3,7,5,0,7,656.625,0.2413793103448276,0,1,12,7,3.25,False,True,False,True,True,False,False,False,False,False,False,False,False,False,False,True,False,False,True,False,0.124,False,Not-High,0.124,0.16,-0.036000000000000004
33,430,7,3,4,1,54,3,2,1,4373,17456,0,14,3,1,2,5,2,3,4,3,0,3,874.6,0.11764705882352941,0,1,3,8,2.25,True,False,False,True,False,False,True,False,False,False,False,False,False,False,False,True,False,True,False,False,0.256,False,Not-High,0.256,0.192,0.064
26,1096,6,3,3,1,61,4,1,4,2544,7102,0,18,3,1,1,8,3,3,7,7,7,7,318.0,0.25925925925925924,0,0,12,21,2.75,True,False,True,False,False,False,False,True,False,False,True,False,False,False,False,False,False,True,False,False,0.148,False,Not-High,0.148,0.144,0.0040000000000000036
38,345,10,2,1,0,100,3,2,4,5343,5982,1,11,3,3,1,10,1,3,10,7,1,9,485.72727272727275,0.2564102564102564,0,1,12,10,2.75,False,True,False,True,True,False,False,False,False,False,False,False,False,False,False,True,False,True,False,False,0.188,False,Not-High,0.188,0.168,0.01999999999999999
35,1402,28,4,2,0,98,2,1,3,2430,26204,0,23,4,1,2,6,5,3,5,3,4,2,405.0,0.1388888888888889,0,0,9,25,2.25,False,True,False,True,True,False,False,False,False,False,False,False,False,False,False,False,True,True,False,False,0.192,False,High,0.192,0.168,0.023999999999999994
35,1258,1,4,4,0,40,4,1,3,2506,13301,3,13,3,3,0,7,0,3,2,2,2,2,835.3333333333334,0.05555555555555555,0,0,9,0,3.25,False,True,True,False,True,False,False,False,False,False,False,False,False,False,True,False,False,False,True,False,0.136,False,Not-High,0.136,0.148,-0.011999999999999983
37,1225,10,2,4,1,80,4,1,4,4680,15232,3,17,3,1,0,4,2,3,1,0,0,0,2340.0,0.02631578947368421,0,1,12,2,3.0,False,True,True,False,True,False,False,False,False,False,False,False,False,False,True,False,False,False,True,False,0.14,False,Not-High,0.14,0.144,-0.003999999999999976
40,302,6,3,2,0,75,3,4,3,13237,20364,7,15,3,3,0,22,3,3,20,6,5,13,630.3333333333334,0.4878048780487805,0,0,9,60,2.75,False,True,True,False,True,False,False,False,False,False,False,False,True,False,False,False,False,False,True,False,0.068,False,Not-High,0.068,0.152,-0.08399999999999999
31,542,20,3,2,0,71,1,2,3,4559,24788,3,11,3,3,1,4,2,3,2,2,2,2,1519.6666666666667,0.0625,1,0,9,4,2.75,False,True,False,True,True,False,False,False,False,False,False,False,False,False,False,True,False,True,False,True,0.644,True,Not-High,0.644,0.292,0.35200000000000004
29,657,27,3,2,0,66,3,2,3,4335,25549,4,12,3,1,1,11,3,2,8,7,1,1,481.6666666666667,0.26666666666666666,0,1,6,24,2.0,False,True,True,False,False,False,True,False,False,False,False,False,False,False,False,False,False,True,False,False,0.084,False,Not-High,0.084,0.088,-0.00399999999999999
59,326,3,3,3,0,48,2,2,4,5171,16490,5,17,3,4,0,13,2,3,6,1,0,5,738.7142857142857,0.1,0,1,12,12,3.5,False,True,False,True,True,False,False,False,False,False,False,False,False,False,False,True,False,False,True,False,0.172,False,Not-High,0.172,0.248,-0.07600000000000001
32,601,7,5,4,1,97,3,2,4,9204,23343,4,12,3,3,1,7,3,2,4,3,0,3,1840.8,0.12121212121212122,0,1,8,12,3.25,False,True,False,True,False,True,False,False,False,False,False,False,False,False,False,True,False,True,False,False,0.096,False,Not-High,0.096,0.108,-0.011999999999999997
33,267,21,3,2,1,79,4,1,2,2028,13637,1,18,3,4,3,14,6,3,14,11,2,13,135.2,0.4117647058823529,0,0,6,84,2.75,False,True,True,False,False,False,True,False,False,False,True,False,False,False,False,False,False,True,False,False,0.148,False,High,0.148,0.104,0.044
27,894,9,3,4,0,99,3,1,2,2279,11781,1,16,3,4,0,7,2,2,7,7,0,3,284.875,0.25,0,1,4,14,3.0,False,True,True,False,False,False,True,False,False,False,False,False,False,False,True,False,False,False,True,False,0.164,False,Not-High,0.164,0.188,-0.023999999999999994
43,343,9,3,1,1,52,3,1,3,2438,24978,4,13,3,3,0,7,2,2,3,2,1,2,609.5,0.06818181818181818,0,1,6,6,2.25,False,False,True,False,True,False,False,False,False,False,False,False,False,False,True,False,False,False,True,False,0.292,False,Not-High,0.292,0.22,0.07199999999999998
34,628,8,3,2,1,82,4,2,3,4404,10228,2,12,3,1,0,6,3,4,4,3,1,2,880.8,0.11428571428571428,0,1,12,12,2.5,False,True,True,False,False,False,True,False,False,False,True,False,False,False,False,False,False,True,False,False,0.204,False,Not-High,0.204,0.136,0.06799999999999998
37,1239,8,2,3,1,89,3,2,2,4071,12832,2,13,3,3,0,19,4,2,10,0,4,7,370.09090909090907,0.2631578947368421,0,0,4,40,2.5,False,True,False,False,False,False,False,True,False,True,False,False,False,False,False,False,False,False,False,False,0.136,False,Not-High,0.136,0.092,0.04400000000000001
36,1195,11,3,2,1,95,2,2,2,6499,22656,1,13,3,3,0,6,3,3,6,5,0,3,928.4285714285714,0.16216216216216217,0,1,6,18,2.5,True,False,True,False,True,False,False,False,False,False,False,False,True,False,False,False,False,False,True,False,0.328,False,Not-High,0.328,0.256,0.07200000000000001
26,920,20,2,4,0,69,3,1,2,2148,6889,0,11,3,3,0,6,3,3,5,1,1,4,358.0,0.18518518518518517,1,1,6,15,3.0,False,True,False,False,False,False,True,False,False,True,False,False,False,False,False,False,False,True,False,True,0.388,False,Not-High,0.388,0.132,0.256
41,1283,5,5,2,1,90,4,1,3,2127,5561,2,12,3,1,0,7,5,2,4,2,0,3,425.4,0.09523809523809523,1,1,6,20,2.0,False,True,True,False,False,False,True,False,False,False,False,False,False,False,True,False,False,True,False,True,0.5,True,Not-High,0.5,0.136,0.364
32,862,2,1,3,0,76,3,1,1,2827,14947,1,12,3,3,3,1,3,3,1,0,0,0,1413.5,0.030303030303030304,0,1,3,3,2.5,False,False,False,True,True,False,False,False,False,False,False,False,False,False,False,False,True,False,False,False,0.396,False,Not-High,0.396,0.34,0.055999999999999994
35,1146,26,4,3,0,31,3,3,4,8837,16642,1,16,3,3,0,9,2,3,9,0,1,7,883.7,0.25,1,1,12,18,3.25,False,True,False,False,True,False,False,False,False,True,False,False,False,False,False,False,False,False,True,True,0.24,False,Not-High,0.24,0.148,0.092
39,1329,4,4,4,0,47,2,2,3,5902,14590,4,14,3,3,1,17,1,4,15,11,5,9,368.875,0.375,0,0,12,15,3.5,False,True,False,True,True,False,False,False,False,False,False,False,False,False,False,True,False,True,False,False,0.152,False,Not-High,0.152,0.136,0.015999999999999986
59,1429,18,4,4,1,67,3,3,4,10512,20002,6,12,3,4,0,25,6,2,9,7,5,4,1051.2,0.15,0,0,8,54,3.5,False,True,True,False,False,False,True,False,False,False,False,False,True,False,False,False,False,False,True,False,0.1,False,Not-High,0.1,0.172,-0.07199999999999998
29,1082,9,4,4,0,43,3,1,3,2974,25412,9,17,3,3,1,9,2,3,5,3,1,2,495.6666666666667,0.16666666666666666,0,1,9,10,3.25,False,True,True,False,False,False,True,False,False,False,True,False,False,False,False,False,False,True,False,False,0.132,False,High,0.132,0.124,0.008000000000000007
34,1031,6,4,3,0,45,2,2,2,4505,15000,6,15,3,3,1,12,3,3,1,0,0,0,2252.5,0.02857142857142857,0,1,6,3,2.75,False,True,True,False,True,False,False,False,False,False,False,False,False,False,True,False,False,False,False,False,0.144,False,Not-High,0.144,0.108,0.03599999999999999
45,556,25,2,2,0,93,2,2,4,5906,23888,0,13,3,4,2,10,2,2,9,8,3,8,590.6,0.1956521739130435,0,0,8,18,3.0,False,True,True,False,True,False,False,False,False,False,False,False,True,False,False,False,False,True,False,False,0.108,False,Not-High,0.108,0.104,0.0040000000000000036
49,1490,7,4,3,1,35,3,3,2,10466,20948,3,14,3,2,2,29,3,3,8,7,0,7,1162.888888888889,0.16,0,1,6,24,2.5,False,True,True,False,True,False,False,False,False,False,False,False,False,False,False,False,False,False,False,False,0.04,False,Not-High,0.04,0.036,0.0040000000000000036
38,119,3,3,1,1,76,3,3,3,10609,9647,0,12,3,3,2,17,6,2,16,10,5,13,624.0588235294117,0.41025641025641024,0,0,6,96,2.25,False,True,False,True,True,False,False,False,False,False,False,False,False,False,False,True,False,False,False,False,0.192,False,Not-High,0.192,0.196,-0.0040000000000000036
31,311,20,3,2,1,89,3,2,3,4197,18624,1,11,3,1,1,10,2,3,10,8,0,2,381.54545454545456,0.3125,0,1,9,20,2.25,False,True,True,False,True,False,False,False,False,False,True,False,False,False,False,False,False,False,False,False,0.12,False,High,0.12,0.108,0.011999999999999997
30,111,9,3,3,1,66,3,2,1,3072,11012,1,11,3,3,2,12,4,3,12,9,6,10,236.30769230769232,0.3870967741935484,0,0,3,48,2.5,False,False,True,False,False,False,True,False,False,False,True,False,False,False,False,False,False,False,False,False,0.08,False,High,0.08,0.088,-0.007999999999999993
33,1283,2,3,4,0,62,3,2,2,5147,10697,8,15,3,4,0,13,2,2,11,7,1,7,428.9166666666667,0.3235294117647059,0,1,4,22,3.0,False,False,False,True,False,True,False,False,False,False,False,False,False,False,False,True,False,False,True,False,0.144,False,Not-High,0.144,0.184,-0.04000000000000001
26,342,2,3,1,1,57,3,1,1,2042,15346,6,14,3,2,1,6,2,3,3,2,1,2,510.5,0.1111111111111111,1,1,3,6,1.75,True,False,True,False,True,False,False,False,False,False,False,False,False,False,True,False,False,True,False,True,0.616,True,Not-High,0.616,0.284,0.332
58,147,23,4,4,0,94,3,3,4,10312,3465,1,12,3,4,1,40,3,2,40,10,15,6,251.5121951219512,0.6779661016949152,0,0,8,120,3.5,False,True,True,False,False,False,True,False,False,False,False,False,False,False,False,False,False,True,False,False,0.164,False,Not-High,0.164,0.168,-0.0040000000000000036
53,1282,5,3,3,0,58,3,5,3,19094,10735,4,11,3,4,1,26,3,2,14,13,4,8,1272.9333333333334,0.25925925925925924,0,0,6,42,3.0,False,True,True,False,False,False,False,True,False,False,False,True,False,False,False,False,False,False,False,False,0.048,False,Not-High,0.048,0.056,-0.008
27,511,2,2,1,0,89,4,2,3,6500,26997,0,14,3,2,0,9,5,2,8,7,0,7,722.2222222222222,0.2857142857142857,0,1,6,40,2.0,False,True,False,True,False,False,True,False,False,False,False,False,False,False,False,True,False,False,True,False,0.264,False,Not-High,0.264,0.288,-0.023999999999999966
40,369,8,2,2,0,92,3,2,1,6516,5041,2,16,3,2,1,18,3,3,1,0,0,0,3258.0,0.024390243902439025,1,1,3,3,2.0,False,True,True,False,True,False,False,False,False,False,False,False,True,False,False,False,False,True,False,True,0.252,False,Not-High,0.252,0.148,0.10400000000000001
38,1495,10,3,3,0,76,3,2,3,9824,22174,3,19,3,3,1,18,4,3,1,0,0,0,4912.0,0.02564102564102564,0,1,9,4,3.0,False,True,True,False,False,False,True,False,False,False,False,False,False,False,False,False,False,True,False,False,0.124,False,Not-High,0.124,0.136,-0.01200000000000001
44,1376,1,2,2,1,91,2,3,1,10482,2326,9,14,3,4,1,24,1,3,20,6,3,6,499.14285714285717,0.4444444444444444,0,0,3,20,2.5,False,True,False,False,False,False,True,False,False,True,False,False,False,False,False,False,False,True,False,False,0.136,False,Not-High,0.136,0.14,-0.0040000000000000036
41,509,2,4,1,0,62,2,2,3,6811,2112,2,17,3,1,0,10,3,3,8,7,0,7,756.7777777777778,0.19047619047619047,1,1,9,24,2.0,False,False,True,False,False,False,False,True,False,False,False,False,False,False,False,False,False,False,True,True,0.252,False,Not-High,0.252,0.184,0.068
37,1278,1,4,3,1,31,1,2,4,9525,7677,1,14,3,3,2,6,2,2,6,3,1,3,1360.7142857142858,0.15789473684210525,0,1,8,12,3.0,True,False,False,True,False,False,True,False,False,False,False,False,False,False,False,True,False,False,False,False,0.172,False,Not-High,0.172,0.164,0.00799999999999998
46,526,1,2,2,0,92,3,3,1,10453,2137,1,25,4,3,3,24,2,3,24,13,15,7,418.12,0.5106382978723404,0,0,3,48,2.25,False,True,False,True,False,True,False,False,False,False,False,False,False,False,False,True,False,False,False,False,0.108,False,High,0.108,0.132,-0.024000000000000007
52,699,1,4,3,1,65,2,5,3,19999,5678,0,14,3,1,1,34,5,3,33,18,11,9,588.2058823529412,0.6226415094339622,0,0,9,165,2.5,False,True,True,False,True,False,False,False,False,False,False,True,False,False,False,False,False,True,False,False,0.1,False,Not-High,0.1,0.124,-0.023999999999999994
25,599,24,1,3,1,73,1,1,4,1118,8040,1,14,3,4,0,1,4,3,1,0,1,0,559.0,0.038461538461538464,1,1,12,4,3.5,True,False,False,True,True,False,False,False,False,False,False,False,False,False,False,False,True,False,True,True,0.704,True,Not-High,0.704,0.564,0.14
29,1404,20,3,3,0,84,3,1,4,2157,18203,1,15,3,2,1,3,5,3,3,1,0,2,539.25,0.1,0,1,12,15,3.0,True,False,False,True,False,False,False,False,True,False,False,False,False,False,False,False,True,True,False,False,0.368,False,Not-High,0.368,0.32,0.04799999999999999
31,444,5,3,4,0,84,3,1,2,2789,3909,1,11,3,3,1,2,5,2,2,2,2,2,929.6666666666666,0.0625,0,0,4,10,2.75,True,False,False,True,False,True,False,False,False,False,False,False,False,False,False,False,True,False,False,False,0.456,False,Not-High,0.456,0.392,0.064
25,383,9,2,1,1,68,2,1,1,4400,15182,3,12,3,1,0,6,2,3,3,2,2,2,1100.0,0.11538461538461539,0,0,3,6,1.5,False,True,False,True,True,False,False,False,False,False,False,False,False,False,False,False,True,True,False,False,0.552,True,Not-High,0.552,0.408,0.14400000000000007
24,567,2,1,1,0,32,3,1,4,3760,17218,1,13,3,3,0,6,2,3,6,3,1,3,537.1428571428571,0.24,1,1,12,12,2.75,True,False,True,False,False,False,False,False,True,False,False,False,False,False,True,False,False,False,True,True,0.392,False,Not-High,0.392,0.236,0.15600000000000003
29,992,1,3,3,1,85,3,1,3,2058,19757,0,14,3,4,0,7,1,2,6,2,1,5,294.0,0.2,0,1,6,6,3.0,False,True,True,False,False,False,False,False,True,False,False,False,False,False,True,False,False,False,True,False,0.184,False,Not-High,0.184,0.156,0.027999999999999997
25,1382,8,2,1,0,85,3,2,3,4907,13684,0,22,4,2,1,6,3,2,5,3,0,4,817.8333333333334,0.19230769230769232,1,1,6,15,2.0,False,True,False,True,False,False,False,True,False,False,False,False,False,False,False,True,False,False,False,True,0.228,False,Not-High,0.228,0.088,0.14
35,482,4,4,3,1,87,3,2,3,4249,2690,1,11,3,2,0,9,3,3,9,6,1,1,424.9,0.25,1,1,9,27,2.75,True,False,True,False,True,False,False,False,False,False,False,False,False,False,True,False,False,False,True,True,0.408,False,Not-High,0.408,0.176,0.23199999999999998
46,430,1,4,4,1,40,3,5,4,19627,21445,9,17,3,4,2,23,0,3,2,2,2,2,6542.333333333333,0.0425531914893617,0,0,12,0,3.75,False,True,True,False,False,False,True,False,False,False,False,False,False,True,False,False,False,False,False,False,0.104,False,Not-High,0.104,0.104,0.0
42,188,29,3,2,1,56,1,2,4,4272,9558,4,19,3,1,0,16,3,3,1,0,0,0,2136.0,0.023255813953488372,0,1,12,3,2.5,False,True,True,False,False,False,True,False,False,False,True,False,False,False,False,False,False,False,True,False,0.28,False,Not-High,0.28,0.228,0.05200000000000002
37,571,10,1,4,0,82,3,1,1,2782,19905,0,13,3,2,2,6,3,2,5,3,4,3,463.6666666666667,0.13157894736842105,1,0,2,15,2.25,False,True,True,False,True,False,False,False,False,False,False,False,False,False,True,False,False,False,False,True,0.284,False,Not-High,0.284,0.116,0.16799999999999998
27,1054,8,3,3,0,67,3,1,4,3445,6152,1,11,3,3,0,6,5,2,6,2,1,4,492.14285714285717,0.21428571428571427,0,1,8,30,3.0,False,True,True,False,False,False,True,False,False,False,False,False,False,False,True,False,False,False,True,False,0.116,False,Not-High,0.116,0.172,-0.05599999999999998
38,1404,1,3,1,1,59,2,1,1,2858,11473,4,14,3,1,0,20,3,2,1,0,0,0,1429.0,0.02564102564102564,0,1,2,3,1.25,False,True,False,True,True,False,False,False,False,False,False,False,False,False,False,False,True,False,True,False,0.684,True,Not-High,0.684,0.556,0.128
36,301,15,4,4,1,88,1,2,4,5406,10436,1,24,4,1,1,15,4,2,15,12,11,11,337.875,0.40540540540540543,0,0,8,60,2.75,False,False,False,True,False,True,False,False,False,False,False,False,False,False,False,True,False,False,False,False,0.12,False,Not-High,0.12,0.132,-0.01200000000000001
27,618,4,3,2,0,76,3,1,3,2318,17808,1,19,3,3,0,1,2,3,1,1,0,0,1159.0,0.03571428571428571,0,1,9,2,2.75,False,True,True,False,True,False,False,False,False,False,False,False,False,False,True,False,False,False,True,False,0.624,True,High,0.624,0.356,0.268
40,1416,2,2,1,1,49,3,5,3,19436,5949,0,19,3,4,1,22,5,3,21,7,3,9,883.4545454545455,0.5121951219512195,0,0,9,105,2.75,False,True,True,False,False,False,True,False,False,False,False,False,False,True,False,False,False,False,False,False,0.072,False,Not-High,0.072,0.076,-0.0040000000000000036
44,935,3,3,1,1,89,3,1,1,2362,14669,4,12,3,3,0,10,4,4,3,2,1,2,590.5,0.06666666666666667,0,1,4,12,2.25,False,True,True,False,True,False,False,False,False,False,True,False,False,False,False,False,False,True,False,False,0.336,False,Not-High,0.336,0.14,0.196
34,1351,1,4,2,1,45,3,2,4,5484,13008,9,17,3,2,1,9,3,2,2,2,2,1,1828.0,0.05714285714285714,0,0,8,6,2.5,False,True,True,False,True,False,False,False,False,False,False,False,False,False,True,False,False,True,False,False,0.092,False,Not-High,0.092,0.08,0.011999999999999997
36,559,12,4,3,0,76,3,2,3,4663,12421,9,12,3,2,2,7,2,3,3,2,1,1,1165.75,0.08108108108108109,1,1,9,6,2.75,False,True,True,False,True,False,False,False,False,False,False,False,True,False,False,False,False,True,False,True,0.196,False,Not-High,0.196,0.088,0.10800000000000001
28,1451,2,1,1,1,67,2,1,2,3201,19911,0,17,3,1,0,6,2,1,5,3,0,4,533.5,0.1724137931034483,0,1,2,10,1.25,False,True,True,False,True,False,False,False,False,False,False,False,False,False,True,False,False,True,False,False,0.248,False,Not-High,0.248,0.116,0.132
56,206,8,4,4,1,99,3,5,2,19717,4022,6,14,3,1,0,36,4,3,7,3,7,7,2464.625,0.12280701754385964,0,0,6,28,2.5,False,True,False,False,True,False,False,False,False,False,False,True,False,False,False,False,False,False,True,False,0.188,False,Not-High,0.188,0.232,-0.04400000000000001
35,1097,11,2,3,1,79,2,3,1,9884,8302,2,13,3,3,1,10,3,3,4,0,2,3,1976.8,0.1111111111111111,1,0,3,12,2.5,False,False,True,False,False,False,True,False,False,False,False,False,False,False,False,False,False,True,False,True,0.284,False,Not-High,0.284,0.128,0.15599999999999997
40,329,1,4,2,1,88,3,1,2,2387,6762,3,22,4,3,1,7,3,3,4,2,0,3,477.4,0.0975609756097561,0,1,6,12,2.5,False,True,True,False,True,False,False,False,False,False,True,False,False,False,False,False,False,True,False,False,0.124,False,High,0.124,0.096,0.027999999999999997
41,263,6,3,4,1,59,3,1,1,4721,3119,2,13,3,3,0,20,3,3,18,13,2,17,248.47368421052633,0.42857142857142855,1,0,3,54,2.75,False,True,True,False,False,False,True,False,False,False,True,False,False,False,False,False,False,False,True,True,0.36,False,Not-High,0.36,0.244,0.11599999999999999
30,921,1,3,4,1,38,1,1,3,3833,24375,3,21,4,3,2,7,2,3,2,2,0,2,1277.6666666666667,0.06451612903225806,0,1,9,4,3.25,False,True,True,False,True,False,False,False,False,False,True,False,False,False,False,False,False,True,False,False,0.148,False,High,0.148,0.14,0.00799999999999998
46,1034,18,1,1,0,86,3,3,3,10527,8984,5,11,3,4,0,28,3,2,2,2,1,2,3509.0,0.0425531914893617,0,1,6,6,2.5,True,False,True,False,False,False,True,False,False,False,False,False,False,False,False,False,False,True,False,False,0.184,False,Not-High,0.184,0.196,-0.01200000000000001
30,721,1,2,3,0,58,3,2,4,4011,10781,1,23,4,4,0,12,2,3,12,8,3,7,308.53846153846155,0.3870967741935484,0,0,12,24,3.5,True,False,True,False,False,False,True,False,False,False,True,False,False,False,False,False,False,False,True,False,0.12,False,High,0.12,0.168,-0.048000000000000015
35,819,2,3,3,1,44,2,3,2,10274,19588,2,18,3,2,1,15,2,4,7,7,6,4,1284.25,0.19444444444444445,0,0,8,14,2.75,False,True,True,False,True,False,False,False,False,False,False,False,True,False,False,False,False,False,False,False,0.084,False,Not-High,0.084,0.064,0.020000000000000004
38,1380,9,2,3,0,75,3,1,4,2288,6319,1,12,3,3,0,2,3,3,2,2,2,1,762.6666666666666,0.05128205128205128,0,0,12,6,3.25,False,True,True,False,True,False,False,False,False,False,True,False,False,False,False,False,False,False,True,False,0.288,False,Not-High,0.288,0.232,0.055999999999999966
38,268,2,5,4,1,92,3,1,3,3057,20471,6,13,3,2,1,6,0,1,1,0,0,1,1528.5,0.02564102564102564,1,1,3,0,2.5,False,True,True,False,False,False,True,False,False,False,False,False,False,False,True,False,False,True,False,True,0.328,False,Not-High,0.328,0.168,0.16
44,136,28,3,4,1,32,3,4,1,16328,22074,3,13,3,3,1,24,1,4,20,6,14,17,777.5238095238095,0.4444444444444444,0,0,4,20,3.0,False,True,True,False,True,False,False,False,False,False,False,False,False,True,False,False,False,True,False,False,0.112,False,Not-High,0.112,0.128,-0.016
27,728,23,1,2,0,36,2,2,3,3540,7018,1,21,4,4,1,9,5,3,9,8,5,8,354.0,0.32142857142857145,0,0,9,45,3.0,False,True,False,True,False,False,True,False,False,False,False,False,False,False,False,False,True,True,False,False,0.196,False,High,0.196,0.164,0.032
28,193,2,3,4,1,52,2,1,4,3867,14222,1,12,3,2,1,2,2,3,2,2,2,2,1289.0,0.06896551724137931,1,0,12,4,3.25,True,False,True,False,True,False,False,False,False,False,True,False,False,False,False,False,False,True,False,True,0.292,False,Not-High,0.292,0.152,0.13999999999999999
42,691,8,4,3,1,48,3,2,2,6825,21173,0,11,3,4,1,10,2,3,9,7,4,2,682.5,0.20930232558139536,0,0,6,18,3.0,False,True,False,True,False,True,False,False,False,False,False,False,False,False,False,True,False,True,False,False,0.132,False,Not-High,0.132,0.136,-0.0040000000000000036
32,585,10,3,1,1,56,3,1,3,3433,17360,6,13,3,1,1,10,3,2,5,2,1,3,572.1666666666666,0.15151515151515152,0,1,6,15,1.75,True,False,True,False,True,False,False,False,False,False,False,False,False,False,True,False,False,True,False,False,0.296,False,Not-High,0.296,0.204,0.092
26,950,4,4,4,1,48,2,2,4,5828,8450,1,12,3,2,0,8,0,3,8,7,7,4,647.5555555555555,0.2962962962962963,1,0,12,0,3.25,False,True,False,True,False,True,False,False,False,False,False,False,False,False,False,True,False,False,True,True,0.356,False,Not-High,0.356,0.212,0.144
29,461,1,3,4,1,70,4,2,3,6294,23060,8,12,3,4,0,10,5,4,3,2,0,2,1573.5,0.1,1,1,12,15,3.75,True,False,True,False,True,False,False,False,False,False,False,False,False,False,False,False,False,False,True,True,0.244,False,Not-High,0.244,0.164,0.07999999999999999
31,587,2,4,4,0,57,3,3,3,9852,8935,1,19,3,1,1,10,5,2,10,8,9,6,895.6363636363636,0.3125,1,0,6,50,2.5,False,False,False,True,True,False,False,False,False,False,False,False,False,False,False,True,False,False,False,True,0.228,False,Not-High,0.228,0.108,0.12000000000000001
41,1356,20,2,2,0,70,3,1,2,3140,21728,1,22,4,4,0,4,5,2,4,3,0,2,628.0,0.09523809523809523,1,1,4,20,2.5,False,True,False,True,False,True,False,False,False,False,False,False,False,False,False,False,True,False,True,True,0.6,True,High,0.6,0.352,0.248
50,1421,2,3,4,0,30,3,4,1,17856,9490,2,22,4,3,1,32,3,3,2,2,2,2,5952.0,0.0392156862745098,0,0,3,6,2.75,True,False,True,False,False,False,True,False,False,False,False,True,False,False,False,False,False,True,False,False,0.088,False,Not-High,0.088,0.124,-0.036000000000000004
33,527,1,4,4,1,63,3,1,4,2686,5207,1,13,3,3,0,10,2,2,10,9,7,8,244.1818181818182,0.29411764705882354,1,0,8,20,3.25,False,True,True,False,False,False,False,True,False,False,False,False,False,False,True,False,False,False,True,True,0.248,False,Not-High,0.248,0.164,0.08399999999999999
47,1454,2,4,4,0,65,2,1,4,3294,13137,1,18,3,1,0,3,3,2,3,2,1,2,823.5,0.0625,1,1,8,9,2.75,False,True,False,True,True,False,False,False,False,False,False,False,False,False,False,False,True,False,True,True,0.456,False,Not-High,0.456,0.228,0.228
41,933,9,4,3,1,94,3,1,1,2238,6961,2,21,4,4,1,7,2,3,5,0,1,4,373.0,0.11904761904761904,0,1,3,10,2.75,False,True,True,False,True,False,False,False,False,False,True,False,False,False,False,False,False,True,False,False,0.14,False,High,0.14,0.092,0.048000000000000015
31,1276,2,1,4,0,59,1,1,4,1129,17536,1,11,3,3,3,1,4,3,1,0,0,0,564.5,0.03125,1,1,12,4,3.5,False,True,True,False,False,False,True,False,False,False,True,False,False,False,False,False,False,False,False,True,0.424,False,Not-High,0.424,0.284,0.14
40,658,10,4,1,1,67,2,3,2,9705,20652,2,12,3,2,1,11,2,2,1,0,0,0,4852.5,0.024390243902439025,0,1,4,2,1.75,False,True,False,True,False,True,False,False,False,False,False,False,False,False,False,True,False,False,False,False,0.36,False,Not-High,0.36,0.348,0.01200000000000001
35,755,9,4,3,1,97,2,2,2,6540,19394,9,19,3,3,0,10,5,3,1,1,0,0,3270.0,0.027777777777777776,0,1,6,5,2.75,False,True,True,False,True,False,False,False,False,False,False,False,False,False,False,False,False,False,True,False,0.24,False,Not-High,0.24,0.192,0.04799999999999999
35,200,18,2,3,1,60,3,3,4,9362,19944,2,11,3,3,0,10,2,3,2,2,2,2,3120.6666666666665,0.05555555555555555,0,0,12,4,3.25,True,False,True,False,True,False,False,False,False,False,False,False,True,False,False,False,False,False,True,False,0.184,False,Not-High,0.184,0.204,-0.01999999999999999
55,282,2,2,4,0,58,1,5,3,19187,6992,4,14,3,4,1,23,5,3,19,9,9,11,959.35,0.3392857142857143,0,0,9,95,3.5,False,True,True,False,False,False,True,False,False,False,False,True,False,False,False,False,False,True,False,False,0.176,False,Not-High,0.176,0.2,-0.02400000000000002
58,1055,1,3,4,0,76,3,5,1,19701,22456,3,21,4,3,1,32,3,3,9,8,1,5,1970.1,0.15254237288135594,1,1,3,27,2.75,False,True,True,False,False,False,True,False,False,False,False,False,False,True,False,False,False,True,False,True,0.208,False,Not-High,0.208,0.148,0.06
37,1192,5,2,4,1,61,3,2,4,6347,23177,7,16,3,3,2,8,2,2,6,2,0,4,906.7142857142857,0.15789473684210525,0,1,8,12,3.25,False,True,True,False,False,False,True,False,False,False,False,False,True,False,False,False,False,False,False,False,0.064,False,Not-High,0.064,0.068,-0.0040000000000000036
21,996,3,2,4,1,100,2,1,3,3230,10531,1,17,3,1,0,3,4,4,3,2,1,0,807.5,0.13636363636363635,0,1,12,12,3.0,False,True,True,False,False,False,True,False,False,False,False,False,False,False,True,False,False,False,True,False,0.236,False,Not-High,0.236,0.208,0.027999999999999997
31,106,2,3,1,1,62,2,2,1,6410,17822,3,12,3,4,0,9,1,3,2,2,1,0,2136.6666666666665,0.0625,0,1,3,2,2.25,False,True,False,False,False,False,False,False,False,True,False,False,False,False,False,False,False,True,False,False,0.376,False,Not-High,0.376,0.216,0.16
41,906,5,2,1,1,95,2,1,1,2107,20293,6,17,3,1,1,5,2,1,1,0,0,0,1053.5,0.023809523809523808,0,1,1,2,1.0,False,False,True,False,True,False,False,False,False,False,False,False,False,False,True,False,False,False,False,False,0.336,False,Not-High,0.336,0.312,0.02400000000000002
36,1467,11,2,2,0,92,3,3,4,9738,22952,0,14,3,3,1,10,6,3,9,7,2,8,973.8,0.24324324324324326,0,0,12,54,3.0,True,False,False,True,False,False,False,False,True,False,False,False,False,False,False,True,False,True,False,False,0.176,False,Not-High,0.176,0.176,0.0
32,371,19,3,4,1,80,1,3,3,9610,3840,3,13,3,3,1,10,2,1,4,3,0,2,1922.0,0.12121212121212122,0,1,3,8,2.75,False,True,False,True,True,False,False,False,False,False,False,False,False,False,False,True,False,True,False,False,0.244,False,Not-High,0.244,0.184,0.06
39,443,8,1,3,0,48,3,1,3,3755,17872,1,11,3,1,1,8,3,3,8,3,0,7,417.22222222222223,0.2,0,1,9,24,2.5,True,False,True,False,True,False,False,False,False,False,True,False,False,False,False,False,False,True,False,False,0.252,False,Not-High,0.252,0.14,0.11199999999999999
22,1256,19,1,3,1,80,3,1,4,2323,11992,1,24,4,1,2,2,6,3,2,2,2,2,774.3333333333334,0.08695652173913043,0,0,12,12,2.75,False,True,True,False,False,False,True,False,False,False,False,False,False,False,True,False,False,True,False,False,0.168,False,High,0.168,0.12,0.048000000000000015
43,982,12,3,1,1,59,2,4,2,14336,4345,1,11,3,3,1,25,3,3,25,10,3,9,551.3846153846154,0.5681818181818182,0,0,6,75,2.25,False,True,True,False,True,False,False,False,False,False,False,False,False,True,False,False,False,False,False,False,0.052,False,Not-High,0.052,0.08,-0.028000000000000004
34,1326,3,3,4,1,81,1,2,1,4759,15891,3,18,3,4,0,15,2,3,13,9,3,12,339.92857142857144,0.37142857142857144,0,0,3,26,3.0,False,True,False,True,False,False,False,True,False,False,False,False,False,False,False,True,False,False,True,False,0.192,False,Not-High,0.192,0.256,-0.064
28,1083,29,1,3,1,96,1,2,2,6549,3173,1,14,3,2,2,8,2,2,8,6,1,7,727.6666666666666,0.27586206896551724,0,1,4,16,2.25,False,True,True,False,True,False,False,False,False,False,False,False,True,False,False,False,False,True,False,False,0.108,False,Not-High,0.108,0.108,0.0
26,683,2,1,1,1,36,2,1,4,3904,4050,0,12,3,4,0,5,2,3,4,3,1,1,780.8,0.14814814814814814,0,1,12,8,3.0,False,True,True,False,False,False,True,False,False,False,False,False,False,False,True,False,False,False,True,False,0.172,False,Not-High,0.172,0.224,-0.05200000000000002
42,532,4,2,3,1,58,3,5,4,19232,4933,1,11,3,4,0,22,3,3,22,17,11,15,836.1739130434783,0.5116279069767442,0,0,12,66,3.5,False,True,True,False,False,False,False,False,True,False,False,True,False,False,False,False,False,True,False,False,0.068,False,Not-High,0.068,0.072,-0.00399999999999999
34,426,10,4,3,1,42,4,2,4,4724,17000,1,13,3,1,1,9,3,3,9,7,7,2,472.4,0.2571428571428571,0,0,12,27,2.75,True,False,True,False,True,False,False,False,False,False,False,False,True,False,False,False,False,False,False,False,0.04,False,Not-High,0.04,0.044,-0.003999999999999997
56,441,14,4,2,0,72,3,1,2,4963,4510,9,18,3,1,3,7,2,3,5,4,4,3,827.1666666666666,0.08771929824561403,1,0,6,10,2.0,False,True,True,False,True,False,False,False,False,False,False,False,False,False,True,False,False,True,False,True,0.292,False,Not-High,0.292,0.112,0.18
29,1092,1,4,1,1,36,3,1,4,4787,26124,9,14,3,2,3,4,3,4,2,2,2,2,1595.6666666666667,0.06666666666666667,1,0,16,6,2.75,False,True,True,False,False,False,True,False,False,False,False,False,False,False,True,False,False,True,False,True,0.304,False,Not-High,0.304,0.136,0.16799999999999998
40,1202,2,1,2,0,89,4,2,3,6377,13888,5,20,4,2,3,15,0,3,12,11,11,8,490.53846153846155,0.2926829268292683,0,0,9,0,2.5,False,True,True,False,False,False,True,False,False,False,False,False,False,False,False,False,False,False,False,False,0.084,False,High,0.084,0.092,-0.007999999999999993
24,693,3,2,1,0,65,3,2,3,4577,24785,9,14,3,1,0,4,3,3,2,2,2,0,1525.6666666666667,0.08,0,0,9,6,2.0,False,True,False,True,True,False,False,False,False,False,False,False,False,False,False,True,False,False,True,False,0.42,False,Not-High,0.42,0.364,0.055999999999999994
36,335,17,2,3,1,33,2,2,2,5507,16822,2,16,3,3,2,12,1,1,4,2,1,3,1101.4,0.10810810810810811,0,1,2,4,2.25,False,True,False,True,False,True,False,False,False,False,False,False,False,False,False,True,False,True,False,False,0.244,False,Not-High,0.244,0.236,0.008000000000000007
43,775,15,3,4,1,47,2,2,4,6804,23683,3,18,3,3,1,7,5,3,2,2,2,2,2268.0,0.045454545454545456,0,0,12,10,3.5,True,False,False,True,True,False,False,False,False,False,False,False,False,False,False,True,False,True,False,False,0.196,False,Not-High,0.196,0.2,-0.0040000000000000036
50,1246,3,3,1,1,99,3,5,2,18200,7999,1,11,3,3,1,32,2,3,32,5,10,7,551.5151515151515,0.6274509803921569,0,0,6,64,2.25,True,False,False,False,False,False,True,False,False,False,False,True,False,False,False,False,False,True,False,False,0.14,False,Not-High,0.14,0.164,-0.023999999999999994
34,699,6,1,2,1,83,3,1,1,2960,17102,2,11,3,3,0,8,2,3,4,2,1,3,592.0,0.11428571428571428,0,1,3,8,2.25,False,True,True,False,False,False,True,False,False,False,False,False,False,False,True,False,False,False,True,False,0.388,False,High,0.388,0.288,0.10000000000000003
42,179,2,5,4,1,79,4,2,1,6272,12858,7,16,3,1,1,10,3,4,4,3,0,3,1254.4,0.09302325581395349,0,1,4,12,2.5,False,False,False,False,False,False,True,False,False,True,False,False,False,False,False,False,False,True,False,False,0.108,False,Not-High,0.108,0.132,-0.024000000000000007
42,933,19,3,3,1,57,4,1,3,2759,20366,6,12,3,4,0,7,2,3,2,2,2,2,919.6666666666666,0.046511627906976744,1,0,9,4,3.25,True,False,True,False,False,False,True,False,False,False,False,False,False,False,True,False,False,False,False,True,0.4,False,Not-High,0.4,0.14,0.26
30,330,1,3,3,1,46,3,1,3,2064,15428,0,21,4,1,1,6,3,4,5,3,1,3,344.0,0.16129032258064516,0,1,12,15,2.75,False,True,False,False,True,False,False,False,False,True,False,False,False,False,False,False,False,False,False,False,0.064,False,High,0.064,0.052,0.012000000000000004
51,1323,4,4,1,1,34,3,1,3,2461,10332,9,12,3,3,3,18,2,4,10,0,2,7,223.72727272727272,0.19230769230769232,1,0,12,20,2.75,False,True,True,False,True,False,False,False,False,False,False,False,False,False,True,False,False,True,False,True,0.232,False,Not-High,0.232,0.068,0.164
39,1251,21,4,1,0,32,1,2,3,5736,3987,6,19,3,3,1,10,1,3,3,2,1,2,1434.0,0.075,0,1,9,3,2.5,False,False,False,True,True,False,False,False,False,False,False,False,False,False,False,True,False,True,False,False,0.188,False,Not-High,0.188,0.164,0.023999999999999994
37,1373,2,2,4,1,92,2,1,3,2090,2396,6,15,3,2,0,7,3,3,0,0,0,0,2090.0,0.0,1,1,9,0,3.0,False,True,True,False,False,False,False,True,False,False,True,False,False,False,False,False,False,False,True,True,0.572,True,Not-High,0.572,0.268,0.30399999999999994
31,1327,3,4,2,1,73,3,3,3,13675,13523,9,12,3,1,1,9,3,3,2,2,2,2,4558.333333333333,0.0625,0,0,9,6,2.25,True,False,True,False,False,False,True,False,False,False,False,False,False,True,False,False,False,False,False,False,0.244,False,Not-High,0.244,0.156,0.088
27,155,4,3,2,1,87,4,2,2,6142,5174,1,20,4,2,1,6,0,3,6,2,0,3,877.4285714285714,0.21428571428571427,1,1,6,0,2.25,False,True,True,False,True,False,False,False,False,False,False,False,True,False,False,False,False,True,False,True,0.232,False,High,0.232,0.092,0.14
41,1411,19,2,3,1,36,3,2,1,3072,19877,2,16,3,1,2,17,2,2,1,0,0,0,1536.0,0.023809523809523808,0,1,2,2,1.75,False,True,True,False,True,False,False,False,False,False,False,False,False,False,True,False,False,False,False,False,0.2,False,Not-High,0.2,0.148,0.05200000000000002
47,1309,4,1,2,1,99,3,2,3,2976,25751,3,19,3,1,0,5,3,3,0,0,0,0,2976.0,0.0,0,1,9,0,2.25,True,False,False,True,False,False,True,False,False,False,False,False,False,False,False,False,True,False,True,False,0.556,True,Not-High,0.556,0.352,0.20400000000000007
38,1035,3,4,2,1,42,3,2,4,6861,4981,8,12,3,3,0,19,1,3,1,0,0,0,3430.5,0.02564102564102564,1,1,12,1,3.0,False,True,False,True,True,False,False,False,False,False,False,False,False,False,False,True,False,False,True,True,0.244,False,Not-High,0.244,0.176,0.068
26,575,3,1,3,1,73,3,1,1,3102,6582,0,22,4,3,0,7,2,3,6,4,0,4,443.14285714285717,0.2222222222222222,0,1,3,12,2.5,True,False,True,False,False,False,False,False,True,False,False,False,False,False,True,False,False,False,True,False,0.36,False,High,0.36,0.292,0.068
41,314,1,3,4,1,59,2,5,3,19189,19562,1,12,3,2,1,22,3,3,22,7,2,10,834.304347826087,0.5238095238095238,0,0,9,66,3.0,False,True,False,False,False,False,False,False,False,False,False,True,False,False,False,False,False,True,False,False,0.052,False,Not-High,0.052,0.072,-0.019999999999999997
30,109,5,3,2,0,60,3,1,2,2422,25725,0,17,3,1,0,4,3,3,3,2,1,2,605.5,0.0967741935483871,0,1,6,9,2.0,True,False,True,False,False,False,True,False,False,False,True,False,False,False,False,False,False,False,True,False,0.604,True,High,0.604,0.444,0.15999999999999998
36,1403,6,3,4,1,47,3,1,4,3210,20251,0,11,3,3,1,16,4,3,15,13,10,11,200.625,0.40540540540540543,0,0,12,60,3.5,False,True,True,False,True,False,False,False,False,False,True,False,False,False,False,False,False,True,False,False,0.096,False,Not-High,0.096,0.096,0.0
50,959,1,4,4,1,81,3,2,3,4728,17251,3,14,3,4,0,5,4,3,0,0,0,0,4728.0,0.0,1,1,9,0,3.5,True,False,False,True,False,False,False,True,False,False,False,False,False,False,False,True,False,False,True,True,0.292,False,Not-High,0.292,0.18,0.11199999999999999
24,691,23,3,2,1,89,4,1,4,2725,21630,1,11,3,2,2,6,3,3,6,5,1,4,389.2857142857143,0.24,1,1,12,18,2.75,False,True,True,False,False,False,True,False,False,False,False,False,False,False,True,False,False,True,False,True,0.26,False,Not-High,0.26,0.076,0.184
31,140,12,1,3,0,95,3,1,4,3929,6984,8,23,4,3,1,7,0,3,4,2,0,2,785.8,0.125,1,1,12,0,3.25,False,True,True,False,False,False,True,False,False,False,False,False,False,False,True,False,False,True,False,True,0.208,False,High,0.208,0.136,0.07199999999999998
36,530,2,4,3,0,51,3,2,4,4502,7439,3,15,3,3,0,17,2,2,13,7,6,7,321.57142857142856,0.35135135135135137,0,0,8,26,3.0,False,True,False,True,True,False,False,False,False,False,False,False,False,False,False,False,True,False,True,False,0.216,False,Not-High,0.216,0.268,-0.05200000000000002
52,585,29,4,1,1,40,3,1,4,3482,19788,2,15,3,2,2,16,3,2,9,8,0,0,348.2,0.16981132075471697,0,1,8,27,2.25,False,False,False,True,True,False,False,False,False,False,False,False,False,False,False,False,True,False,False,False,0.188,False,Not-High,0.188,0.188,0.0
29,896,18,1,3,1,86,2,1,4,2389,14961,1,13,3,3,0,4,3,2,4,3,0,1,477.8,0.13333333333333333,1,1,8,12,3.0,False,True,True,False,False,False,True,False,False,False,False,False,False,False,True,False,False,False,True,True,0.544,True,Not-High,0.544,0.348,0.19600000000000006
34,829,15,3,2,1,71,3,4,1,17007,11929,7,14,3,4,2,16,3,2,14,8,6,9,1133.8,0.4,0,0,2,42,2.25,True,False,True,False,False,False,True,False,False,False,False,False,False,True,False,False,False,False,False,False,0.148,False,Not-High,0.148,0.156,-0.008000000000000007
32,977,2,3,4,1,45,3,2,2,5470,25518,0,13,3,3,2,10,4,2,9,5,1,6,547.0,0.2727272727272727,0,1,4,36,2.75,False,True,True,False,False,False,True,False,False,False,False,False,False,False,True,False,False,False,False,False,0.056,False,Not-High,0.056,0.036,0.020000000000000004
28,1217,1,3,3,0,67,3,1,1,3591,12719,1,25,4,3,1,3,3,3,3,2,1,2,897.75,0.10344827586206896,0,1,3,9,2.5,False,True,True,False,False,False,True,False,False,False,False,False,False,False,True,False,False,True,False,False,0.104,False,High,0.104,0.072,0.032
59,142,3,3,3,1,70,2,1,4,2177,8456,3,17,3,1,1,7,6,3,1,0,0,0,1088.5,0.016666666666666666,0,1,12,6,2.75,False,True,True,False,True,False,False,False,False,False,False,False,False,False,True,False,False,True,False,False,0.136,False,Not-High,0.136,0.132,0.0040000000000000036
46,228,3,3,3,0,51,3,4,2,16606,11380,8,12,3,4,1,23,2,4,13,12,5,1,1186.142857142857,0.2765957446808511,0,0,8,26,3.25,False,True,False,True,True,False,False,False,False,False,False,True,False,False,False,False,False,True,False,False,0.148,False,Not-High,0.148,0.156,-0.008000000000000007
26,482,1,2,2,0,90,2,1,3,2933,14908,1,13,3,3,1,1,3,2,1,0,1,0,1466.5,0.037037037037037035,1,1,6,3,2.5,False,True,True,False,True,False,False,False,False,False,False,False,False,False,True,False,False,True,False,True,0.556,True,Not-High,0.556,0.268,0.28800000000000003
35,880,12,4,4,1,36,3,2,4,4581,10414,3,24,4,1,0,13,2,4,11,9,6,7,381.75,0.3055555555555556,1,0,16,22,3.25,True,False,False,True,False,False,False,True,False,False,False,False,False,False,False,True,False,False,True,True,0.328,False,High,0.328,0.216,0.11200000000000002
33,832,5,4,3,0,63,2,1,4,2911,14776,1,13,3,3,1,2,2,2,2,2,0,2,970.3333333333334,0.058823529411764705,0,1,8,4,3.0,False,True,True,False,True,False,False,False,False,False,False,False,False,False,True,False,False,True,False,False,0.136,False,Not-High,0.136,0.124,0.01200000000000001
44,625,4,3,4,1,50,3,2,2,5933,5197,9,12,3,4,0,10,2,2,5,2,2,3,988.8333333333334,0.1111111111111111,0,0,4,10,3.0,False,True,True,False,False,False,True,False,False,False,False,False,False,False,False,False,False,False,True,False,0.132,False,Not-High,0.132,0.196,-0.064
51,684,6,3,1,1,51,3,5,3,19537,6462,7,13,3,3,0,23,5,3,20,18,15,15,930.3333333333334,0.38461538461538464,0,0,9,100,2.5,False,True,True,False,True,False,False,False,False,False,False,False,False,True,False,False,False,False,True,False,0.132,False,Not-High,0.132,0.192,-0.06
40,218,8,1,4,1,55,2,3,2,13757,25178,2,11,3,3,1,16,5,3,9,8,4,8,1375.7,0.21951219512195122,0,0,6,45,3.0,False,False,True,False,False,False,True,False,False,False,False,False,False,True,False,False,False,False,False,False,0.088,False,Not-High,0.088,0.092,-0.0040000000000000036
39,141,3,3,3,0,44,4,2,2,6389,18767,9,15,3,3,1,12,3,1,8,3,3,6,709.8888888888889,0.2,0,0,2,24,2.25,False,True,False,False,False,False,False,False,False,True,False,False,False,False,False,False,False,True,False,False,0.116,False,Not-High,0.116,0.128,-0.011999999999999997
48,708,7,2,4,0,95,3,1,3,2655,11740,2,11,3,3,2,19,3,3,9,7,7,7,265.5,0.1836734693877551,1,0,9,27,3.25,True,False,False,True,False,False,True,False,False,False,False,False,False,False,False,False,True,True,False,True,0.26,False,Not-High,0.26,0.156,0.10400000000000001
31,715,2,4,4,1,54,3,2,1,5332,21602,7,13,3,4,0,10,3,3,5,2,0,3,888.6666666666666,0.15625,0,1,3,15,3.0,True,False,False,True,False,False,False,True,False,False,False,False,False,False,False,True,False,False,True,False,0.256,False,Not-High,0.256,0.264,-0.008000000000000007
37,309,10,4,4,0,88,2,2,4,6694,24223,2,14,3,3,3,8,5,3,1,0,0,0,3347.0,0.02631578947368421,1,1,12,5,3.5,False,True,False,True,True,False,False,False,False,False,False,False,False,False,False,True,False,False,False,True,0.156,False,Not-High,0.156,0.1,0.055999999999999994
28,1144,10,1,4,1,74,3,1,2,1052,23384,1,22,4,2,0,1,5,3,1,0,0,0,526.0,0.034482758620689655,0,1,6,5,2.75,False,True,False,True,False,False,True,False,False,False,False,False,False,False,False,False,True,True,False,False,0.528,True,High,0.528,0.368,0.16000000000000003
19,419,21,3,4,1,37,2,1,2,2121,9947,1,13,3,2,0,1,3,4,1,0,0,0,1060.5,0.05,1,1,8,3,3.0,False,True,False,True,False,False,False,True,False,False,False,False,False,False,False,False,True,False,True,True,0.856,True,Not-High,0.856,0.632,0.22399999999999998
37,663,11,3,2,1,47,3,3,4,12185,10056,1,14,3,3,3,10,1,3,10,8,0,7,1107.7272727272727,0.2631578947368421,1,1,12,10,3.0,True,False,True,False,False,False,False,True,False,False,False,False,False,True,False,False,False,False,False,True,0.168,False,Not-High,0.168,0.176,-0.00799999999999998
25,266,1,3,4,0,40,3,1,2,2096,18830,1,18,3,4,0,2,3,2,2,2,2,1,698.6666666666666,0.07692307692307693,0,0,4,6,3.0,False,True,True,False,False,False,True,False,False,False,False,False,False,False,True,False,False,False,True,False,0.38,False,Not-High,0.38,0.336,0.043999999999999984
41,427,10,4,2,1,73,2,5,4,19141,8861,3,15,3,2,3,23,2,2,21,6,12,6,870.0454545454545,0.5,0,0,8,42,2.5,False,True,False,False,False,False,False,False,False,False,False,True,False,False,False,False,False,False,False,False,0.1,False,Not-High,0.1,0.112,-0.011999999999999997
22,1123,16,2,4,1,96,4,1,4,2935,7324,1,13,3,2,2,1,2,2,1,0,0,0,1467.5,0.043478260869565216,1,1,8,2,3.0,False,False,True,False,False,False,True,False,False,False,True,False,False,False,False,False,False,False,False,True,0.528,True,Not-High,0.528,0.312,0.21600000000000003
53,102,23,4,4,0,72,3,4,4,14275,20206,6,18,3,3,0,33,0,3,12,9,3,8,1098.076923076923,0.2222222222222222,0,0,12,0,3.5,False,True,True,False,True,False,False,False,False,False,False,False,False,True,False,False,False,False,True,False,0.152,False,Not-High,0.152,0.184,-0.032
50,1464,2,4,2,1,62,3,5,3,19237,12853,2,11,3,4,1,29,2,2,8,1,7,7,2137.4444444444443,0.1568627450980392,1,0,6,16,2.75,False,True,True,False,False,False,True,False,False,False,False,False,False,True,False,False,False,True,False,True,0.212,False,Not-High,0.212,0.104,0.108
44,381,24,3,1,1,49,1,1,3,3708,2104,2,14,3,3,0,9,5,3,5,2,1,4,618.0,0.1111111111111111,0,1,9,25,2.5,False,False,True,False,False,False,True,False,False,False,True,False,False,False,False,False,False,False,True,False,0.344,False,Not-High,0.344,0.32,0.023999999999999966
43,1179,2,3,4,1,73,3,2,4,7847,6069,1,17,3,1,1,10,3,3,10,9,8,8,713.3636363636364,0.22727272727272727,1,0,12,30,3.0,False,True,False,True,False,False,True,False,False,False,False,False,False,False,False,True,False,True,False,True,0.108,False,Not-High,0.108,0.12,-0.011999999999999997
54,155,9,2,1,0,67,3,2,3,2897,22474,3,11,3,3,2,9,6,2,4,3,2,3,579.4,0.07272727272727272,0,0,6,24,2.25,False,True,True,False,True,False,False,False,False,False,False,False,False,False,True,False,False,True,False,False,0.092,False,Not-High,0.092,0.116,-0.024000000000000007
36,216,6,2,2,1,84,3,2,2,4941,2819,6,20,4,4,2,7,0,3,3,2,0,1,1235.25,0.08108108108108109,0,1,6,0,2.75,False,True,True,False,False,False,True,False,False,False,False,False,True,False,False,False,False,False,False,False,0.12,False,High,0.12,0.12,0.0
46,168,4,2,4,0,33,2,5,2,18789,9946,2,14,3,3,1,26,2,3,11,4,0,8,1565.75,0.23404255319148937,0,1,6,22,3.0,False,True,False,True,False,True,False,False,False,False,False,True,False,False,False,False,False,True,False,False,0.18,False,Not-High,0.18,0.18,0.0
55,478,2,3,3,1,60,2,5,1,19038,19805,8,12,3,2,3,34,2,3,1,0,0,0,9519.0,0.017857142857142856,0,1,3,2,2.25,False,True,True,False,False,False,True,False,False,False,False,False,False,True,False,False,False,True,False,False,0.14,False,Not-High,0.14,0.156,-0.015999999999999986
39,1089,6,3,2,0,32,3,3,2,8376,9150,4,18,3,4,0,9,3,3,2,0,2,2,2792.0,0.05,0,0,6,6,2.75,False,True,True,False,True,False,False,False,False,False,False,False,True,False,False,False,False,False,True,False,0.128,False,Not-High,0.128,0.196,-0.068
21,756,1,1,1,0,99,2,1,2,2174,9150,1,11,3,3,0,3,3,3,3,2,1,2,543.5,0.13636363636363635,1,1,6,9,2.25,True,False,False,True,False,False,False,False,True,False,False,False,False,False,False,False,True,False,True,True,0.824,True,Not-High,0.824,0.576,0.248
43,559,10,4,3,0,82,2,2,3,5257,6227,1,11,3,2,1,9,3,4,9,7,0,0,525.7,0.20454545454545456,0,1,12,27,3.0,True,False,True,False,True,False,False,False,False,False,True,False,False,False,False,False,False,False,False,False,0.14,False,Not-High,0.14,0.072,0.06800000000000002
51,1169,7,4,2,1,34,2,2,3,6132,13983,2,17,3,3,0,10,2,3,1,0,0,0,3066.0,0.019230769230769232,0,1,9,2,2.75,False,True,True,False,False,False,True,False,False,False,False,False,True,False,False,False,False,True,False,False,0.168,False,Not-High,0.168,0.108,0.06000000000000001
31,1398,8,2,4,0,96,4,1,2,2109,24609,9,18,3,4,0,8,3,3,3,2,0,2,527.25,0.09375,0,1,6,9,3.25,False,True,False,False,False,False,True,False,False,True,False,False,False,False,False,False,False,False,True,False,0.196,False,Not-High,0.196,0.252,-0.055999999999999994
33,1392,3,4,4,0,56,3,1,3,2909,23159,1,11,3,3,0,8,3,3,8,7,3,0,323.22222222222223,0.23529411764705882,1,0,9,24,3.25,True,False,True,False,True,False,False,False,False,False,False,False,False,False,True,False,False,True,False,True,0.372,False,Not-High,0.372,0.116,0.256
50,869,3,2,1,1,86,2,1,3,2683,3810,1,14,3,3,0,3,2,3,3,2,0,2,670.75,0.058823529411764705,1,1,9,6,2.5,False,True,False,True,False,True,False,False,False,False,False,False,False,False,False,False,True,True,False,True,0.612,True,Not-High,0.612,0.268,0.344
45,1234,11,2,4,0,90,3,4,4,17650,5404,3,13,3,2,1,26,4,4,9,3,1,1,1765.0,0.1956521739130435,0,1,16,36,3.5,False,True,False,True,True,False,False,False,False,False,False,True,False,False,False,False,False,True,False,False,0.08,False,Not-High,0.08,0.108,-0.027999999999999997
33,827,1,4,3,0,84,4,2,2,5488,20161,1,13,3,1,1,6,2,3,6,5,1,2,784.0,0.17647058823529413,1,1,6,12,2.25,True,False,True,False,False,False,False,True,False,False,False,False,False,False,False,False,False,True,False,True,0.208,False,Not-High,0.208,0.088,0.12
28,1366,24,2,2,1,72,2,3,1,8722,12355,1,12,3,1,0,10,2,2,10,7,1,9,792.9090909090909,0.3448275862068966,0,1,2,20,1.5,False,False,True,False,False,False,False,False,True,False,False,False,False,False,False,False,False,False,True,False,0.156,False,Not-High,0.156,0.196,-0.04000000000000001
18,812,10,3,4,0,69,2,1,3,1200,9724,1,12,3,1,0,0,2,3,0,0,0,0,1200.0,0.0,0,1,9,0,2.75,False,True,False,True,False,False,True,False,False,False,False,False,False,False,False,False,True,False,True,False,0.764,True,Not-High,0.764,0.54,0.22399999999999998
35,583,25,4,3,0,57,3,3,3,10388,6975,1,11,3,3,1,16,3,2,16,10,10,1,611.0588235294117,0.4444444444444444,1,0,6,48,2.75,False,True,True,False,False,False,True,False,False,False,False,False,False,False,False,False,False,False,False,True,0.176,False,Not-High,0.176,0.124,0.05199999999999999
38,1186,3,4,3,1,44,3,1,3,2821,2997,3,16,3,1,1,8,2,3,2,2,2,2,940.3333333333334,0.05128205128205128,0,0,9,4,2.5,True,False,True,False,False,False,False,True,False,False,False,False,False,False,True,False,False,True,False,False,0.188,False,Not-High,0.188,0.108,0.08
24,823,17,2,4,1,94,2,1,2,2127,9100,1,21,4,4,1,1,2,3,1,0,0,0,1063.5,0.04,0,1,6,2,3.25,False,True,True,False,False,False,False,True,False,False,True,False,False,False,False,False,False,True,False,False,0.384,False,High,0.384,0.324,0.06
35,538,25,2,1,1,54,2,2,4,3681,14004,4,14,3,4,0,9,3,3,3,2,0,2,920.25,0.08333333333333333,0,1,12,9,3.0,False,True,True,False,False,False,False,True,False,False,True,False,False,False,False,False,False,False,True,False,0.236,False,Not-High,0.236,0.224,0.011999999999999983
33,922,1,5,1,0,95,4,4,3,16184,22578,4,19,3,3,1,10,2,3,6,1,0,5,2312.0,0.17647058823529413,0,1,9,12,2.5,False,True,True,False,False,False,True,False,False,False,False,False,False,True,False,False,False,False,False,False,0.096,False,Not-High,0.096,0.072,0.024000000000000007
37,124,3,3,4,0,35,3,2,2,4107,13848,3,15,3,1,0,8,3,2,4,3,0,1,821.4,0.10526315789473684,0,1,4,12,2.25,False,True,True,False,False,False,False,True,False,False,False,False,False,False,False,False,False,False,True,False,0.3,False,Not-High,0.3,0.22,0.07999999999999999
36,796,12,5,4,0,51,2,3,4,8858,15669,0,11,3,2,0,15,2,2,14,8,7,8,590.5333333333333,0.3783783783783784,0,0,8,28,3.0,False,True,True,False,False,False,True,False,False,False,False,False,True,False,False,False,False,False,True,False,0.08,False,Not-High,0.08,0.164,-0.084
24,1206,17,1,4,0,41,2,2,3,4377,24117,1,15,3,2,2,5,6,3,4,2,3,2,875.4,0.16,0,0,9,24,3.0,False,True,True,False,False,False,True,False,False,False,False,False,True,False,False,False,False,False,False,False,0.112,False,Not-High,0.112,0.096,0.016
28,995,9,3,3,0,77,3,1,3,2377,9834,5,18,3,2,1,6,2,3,2,2,2,2,792.3333333333334,0.06896551724137931,0,0,9,4,2.75,False,True,True,False,False,False,True,False,False,False,False,False,False,False,True,False,False,False,False,False,0.12,False,High,0.12,0.08,0.039999999999999994
39,492,12,3,4,1,66,3,2,2,5295,7693,4,21,4,3,0,7,3,3,5,4,1,0,882.5,0.125,0,1,6,15,3.0,False,True,True,False,False,False,True,False,False,False,False,False,True,False,False,False,False,True,False,False,0.156,False,Not-High,0.156,0.136,0.01999999999999999
37,1040,2,2,3,1,100,2,2,4,5163,15850,5,14,3,4,1,17,2,4,1,0,0,0,2581.5,0.02631578947368421,0,1,16,2,3.75,False,False,True,False,True,False,False,False,False,False,False,False,False,False,False,False,False,False,False,False,0.06,False,Not-High,0.06,0.068,-0.008000000000000007
41,857,10,3,4,1,91,2,4,1,17181,12888,4,13,3,2,1,21,2,2,7,6,7,7,2147.625,0.16666666666666666,0,0,2,14,2.25,True,False,True,False,True,False,False,False,False,False,False,True,False,False,False,False,False,False,False,False,0.148,False,Not-High,0.148,0.124,0.023999999999999994
25,882,19,1,4,1,67,3,1,4,3669,9075,3,11,3,3,3,7,6,2,3,2,1,2,917.25,0.11538461538461539,0,1,8,18,3.25,False,True,True,False,False,False,True,False,False,False,True,False,False,False,False,False,False,True,False,False,0.116,False,Not-High,0.116,0.132,-0.016
26,1384,3,4,1,1,82,4,1,4,4420,13421,1,22,4,2,1,8,2,3,8,7,0,7,491.1111111111111,0.2962962962962963,0,1,12,16,2.5,False,True,True,False,False,False,True,False,False,False,True,False,False,False,False,False,False,True,False,False,0.084,False,Not-High,0.084,0.064,0.020000000000000004
21,1427,18,1,4,0,65,3,1,4,2693,8870,1,19,3,1,0,1,3,2,1,0,0,0,1346.5,0.045454545454545456,0,1,8,3,2.75,False,True,True,False,False,False,False,True,False,False,False,False,False,False,True,False,False,False,True,False,0.5,True,Not-High,0.5,0.38,0.12
26,474,3,3,1,0,89,3,1,4,2061,11133,1,21,4,1,0,1,5,3,1,0,0,0,1030.5,0.037037037037037035,0,1,12,5,2.25,False,True,True,False,True,False,False,False,False,False,False,False,False,False,True,False,False,True,False,False,0.328,False,High,0.328,0.192,0.136
53,607,2,5,3,0,78,2,3,4,10169,14618,0,16,3,2,1,34,4,3,33,7,1,9,299.0882352941176,0.6111111111111112,0,1,12,132,3.0,False,True,True,False,False,False,False,False,True,False,False,False,True,False,False,False,False,True,False,False,0.112,False,Not-High,0.112,0.104,0.008000000000000007
22,534,15,3,2,0,59,3,1,4,2871,23785,1,15,3,3,0,1,5,3,0,0,0,0,2871.0,0.0,0,1,12,0,3.0,False,True,True,False,False,False,True,False,False,False,True,False,False,False,False,False,False,False,True,False,0.448,False,Not-High,0.448,0.34,0.10799999999999998
29,1252,23,2,3,1,81,4,1,3,2700,23779,1,24,4,3,1,10,3,3,10,7,0,7,245.45454545454547,0.3333333333333333,0,1,9,30,3.0,False,True,True,False,True,False,False,False,False,False,False,False,False,False,True,False,False,True,False,False,0.072,False,Not-High,0.072,0.048,0.023999999999999994
35,185,23,4,2,1,91,1,1,3,2705,9696,0,16,3,2,1,6,2,4,5,4,0,3,450.8333333333333,0.1388888888888889,0,1,12,10,2.75,False,True,True,False,False,False,True,False,False,False,True,False,False,False,False,False,False,True,False,False,0.176,False,High,0.176,0.112,0.06399999999999999
34,470,2,4,4,1,84,2,2,1,5957,23687,6,13,3,2,1,13,3,3,11,9,5,9,496.4166666666667,0.3142857142857143,0,0,3,33,2.5,False,True,True,False,True,False,False,False,False,False,False,False,True,False,False,False,False,True,False,False,0.076,False,Not-High,0.076,0.06,0.016
25,583,4,1,3,1,87,2,2,1,4256,18154,1,12,3,1,0,5,1,4,5,2,0,3,709.3333333333334,0.19230769230769232,0,1,4,5,2.25,False,True,False,True,False,True,False,False,False,False,False,False,False,False,False,True,False,True,False,False,0.312,False,Not-High,0.312,0.18,0.132
58,289,2,3,4,1,51,3,1,3,2479,26227,4,24,4,1,0,7,4,3,1,0,0,0,1239.5,0.01694915254237288,0,1,9,4,2.75,False,True,True,False,False,False,False,False,True,False,False,False,False,False,True,False,False,False,True,False,0.32,False,High,0.32,0.272,0.04799999999999999
32,334,5,2,1,1,80,4,1,2,3298,15053,0,12,3,4,2,7,5,2,6,2,0,5,471.14285714285717,0.18181818181818182,1,1,4,30,2.25,False,True,True,False,True,False,False,False,False,False,False,False,False,False,True,False,False,False,False,True,0.248,False,Not-High,0.248,0.06,0.188
35,809,16,3,1,1,84,4,1,2,2426,16479,0,13,3,3,1,6,5,3,5,4,0,3,404.3333333333333,0.1388888888888889,0,1,6,25,2.25,False,True,True,False,False,False,True,False,False,False,True,False,False,False,False,False,False,True,False,False,0.172,False,High,0.172,0.136,0.035999999999999976
42,933,29,3,2,1,98,3,2,2,4434,11806,1,13,3,4,1,10,3,2,9,8,7,8,443.4,0.20930232558139536,0,0,4,27,2.5,False,True,True,False,True,False,False,False,False,False,False,False,True,False,False,False,False,True,False,False,0.056,False,Not-High,0.056,0.052,0.0040000000000000036
32,515,1,3,4,1,62,2,1,3,3730,9571,0,14,3,4,0,4,2,1,3,2,1,2,932.5,0.09090909090909091,1,1,3,6,3.0,False,True,True,False,True,False,False,False,False,False,True,False,False,False,False,False,False,False,True,True,0.512,True,Not-High,0.512,0.268,0.244
37,1141,11,2,1,0,61,1,2,2,4777,14382,5,15,3,1,0,15,2,1,1,0,0,0,2388.5,0.02631578947368421,0,1,2,2,1.25,False,True,True,False,False,False,True,False,False,False,False,False,False,False,False,False,False,True,False,False,0.508,True,Not-High,0.508,0.3,0.20800000000000002
36,928,1,2,2,1,56,3,2,4,6201,2823,1,14,3,4,1,18,1,2,18,14,4,11,326.36842105263156,0.4864864864864865,1,0,8,18,3.0,False,True,False,True,True,False,False,False,False,False,False,False,False,False,False,True,False,True,False,True,0.256,False,Not-High,0.256,0.16,0.096
31,1125,1,3,4,1,48,1,2,1,5003,5771,1,21,4,2,0,10,6,3,10,8,8,7,454.8181818181818,0.3125,0,0,3,60,2.5,True,False,True,False,True,False,False,False,False,False,False,False,False,False,True,False,False,True,False,False,0.216,False,High,0.216,0.088,0.128
28,1181,1,3,3,1,82,3,1,4,2044,5531,1,11,3,3,1,5,6,4,5,3,0,3,340.6666666666667,0.1724137931034483,0,1,16,30,3.5,False,True,True,False,True,False,False,False,False,False,False,False,False,False,True,False,False,True,False,False,0.052,False,Not-High,0.052,0.048,0.003999999999999997
41,334,2,4,4,1,88,3,4,2,16015,15896,1,19,3,2,0,22,2,3,22,10,0,4,696.304347826087,0.5238095238095238,0,1,6,44,2.75,False,True,False,True,True,False,False,False,False,False,False,True,False,False,False,False,False,False,True,False,0.104,False,Not-High,0.104,0.144,-0.039999999999999994
40,299,25,4,4,1,57,2,3,2,9094,17235,2,12,3,3,0,9,2,3,5,4,1,0,1515.6666666666667,0.12195121951219512,1,1,6,10,3.0,False,True,False,True,False,True,False,False,False,False,False,False,False,False,False,True,False,False,True,True,0.508,True,Not-High,0.508,0.3,0.20800000000000002
33,1075,3,2,4,1,57,3,1,2,2277,22650,3,11,3,3,1,7,4,4,4,3,0,3,455.4,0.11764705882352941,1,1,8,16,3.25,False,True,False,False,False,False,False,False,False,True,False,False,False,False,False,False,False,False,False,True,0.224,False,Not-High,0.224,0.092,0.132
32,976,26,4,3,1,100,3,2,4,4465,12069,0,18,3,1,0,4,2,3,3,2,2,2,1116.25,0.09090909090909091,0,0,12,6,2.75,False,False,False,True,False,True,False,False,False,False,False,False,False,False,False,True,False,True,False,False,0.204,False,Not-High,0.204,0.148,0.055999999999999994
38,1321,1,4,4,1,86,3,2,2,4440,7636,0,15,3,1,2,16,3,3,15,13,5,8,277.5,0.38461538461538464,0,0,6,45,2.5,False,True,False,True,True,False,False,False,False,False,False,False,False,False,False,True,False,True,False,False,0.072,False,Not-High,0.072,0.052,0.019999999999999997
35,1180,2,2,2,1,90,3,2,4,5762,24442,2,14,3,3,1,15,6,3,7,7,1,7,720.25,0.19444444444444445,0,1,12,42,3.0,False,False,True,False,False,False,True,False,False,False,False,False,True,False,False,False,False,False,False,False,0.048,False,Not-High,0.048,0.048,0.0
43,574,11,3,1,1,30,3,3,3,7510,16873,1,17,3,2,1,10,1,3,10,9,0,9,682.7272727272727,0.22727272727272727,0,1,9,10,2.25,False,True,True,False,True,False,False,False,False,False,False,False,False,False,False,False,False,True,False,False,0.1,False,Not-High,0.1,0.112,-0.011999999999999997
46,706,2,2,4,1,82,3,3,4,8578,19989,3,14,3,3,1,12,4,2,9,8,4,7,857.8,0.19148936170212766,0,0,8,36,3.25,False,True,True,False,True,False,False,False,False,False,False,False,True,False,False,False,False,False,False,False,0.048,False,Not-High,0.048,0.056,-0.008
34,1375,10,3,4,1,87,3,2,3,4001,12313,1,14,3,3,1,15,3,3,15,14,0,7,250.0625,0.42857142857142855,1,1,9,45,3.25,False,False,False,True,True,False,False,False,False,False,False,False,False,False,False,True,False,False,False,True,0.052,False,Not-High,0.052,0.044,0.008
49,1023,2,3,4,1,63,2,2,2,5390,13243,2,14,3,4,0,17,3,2,9,6,0,8,539.0,0.18,0,1,4,27,3.0,True,False,False,True,False,False,True,False,False,False,False,False,False,False,False,True,False,True,False,False,0.216,False,Not-High,0.216,0.136,0.07999999999999999
32,120,6,5,3,1,43,3,1,3,3038,12430,3,20,4,1,0,8,2,3,5,4,1,4,506.3333333333333,0.15151515151515152,0,1,9,10,2.5,False,True,True,False,True,False,False,False,False,False,False,False,False,False,True,False,False,False,True,False,0.204,False,High,0.204,0.156,0.04799999999999999
45,1297,1,4,2,1,44,3,2,3,5399,14511,4,12,3,3,0,12,3,3,4,2,0,3,1079.8,0.08695652173913043,0,1,9,12,2.75,True,False,True,False,False,False,True,False,False,False,False,False,False,False,False,False,False,False,True,False,0.112,False,Not-High,0.112,0.144,-0.03199999999999999
29,590,4,3,4,0,91,2,1,1,2109,10007,1,13,3,3,1,1,2,3,1,0,0,0,1054.5,0.03333333333333333,0,1,3,2,2.75,False,True,True,False,False,False,False,False,True,False,False,False,False,False,True,False,False,False,False,False,0.352,False,High,0.352,0.304,0.04799999999999999
36,1351,9,4,1,1,66,4,1,2,2810,9238,1,22,4,2,0,5,3,3,5,4,0,2,468.3333333333333,0.13513513513513514,0,1,6,15,2.0,False,False,True,False,True,False,False,False,False,False,True,False,False,False,False,False,False,True,False,False,0.224,False,High,0.224,0.108,0.116
35,1225,2,4,4,0,61,3,2,1,5093,4761,2,11,3,1,1,16,2,4,1,0,0,0,2546.5,0.027777777777777776,0,1,4,2,2.5,False,False,True,False,True,False,False,False,False,False,False,False,False,False,False,False,False,False,False,False,0.188,False,Not-High,0.188,0.12,0.068
22,1256,3,4,3,1,48,2,1,4,2853,4223,0,11,3,2,1,1,5,3,0,0,0,0,2853.0,0.0,1,1,12,0,3.0,True,False,True,False,True,False,False,False,False,False,False,False,False,False,True,False,False,True,False,True,0.364,False,Not-High,0.364,0.232,0.13199999999999998
37,799,1,3,2,0,59,3,3,4,7491,23848,4,17,3,4,0,12,3,4,6,5,1,2,1070.142857142857,0.15789473684210525,0,1,16,18,3.5,False,True,True,False,False,False,False,False,True,False,False,False,True,False,False,False,False,False,True,False,0.048,False,Not-High,0.048,0.144,-0.09599999999999999
23,1309,26,1,3,1,83,3,1,4,2904,16092,1,12,3,3,2,4,2,2,4,2,0,2,580.8,0.16666666666666666,0,1,8,8,3.0,False,True,True,False,True,False,False,False,False,False,False,False,False,False,True,False,False,False,False,False,0.116,False,Not-High,0.116,0.1,0.016
21,1343,22,1,3,1,49,3,1,3,3447,24444,1,11,3,3,0,3,2,3,3,2,1,2,861.75,0.13636363636363635,0,1,9,6,3.0,False,True,False,True,False,False,False,False,True,False,False,False,False,False,False,False,True,False,True,False,0.44,False,Not-High,0.44,0.352,0.08800000000000002
56,1240,9,3,1,0,63,3,1,3,2942,12154,2,19,3,2,1,18,4,3,5,4,0,3,490.3333333333333,0.08771929824561403,0,1,9,20,2.25,True,False,True,False,False,False,True,False,False,False,False,False,False,False,True,False,False,True,False,False,0.156,False,Not-High,0.156,0.112,0.044
51,541,2,3,2,1,52,3,3,2,10596,15395,2,11,3,2,0,14,5,3,4,2,3,2,2119.2,0.07692307692307693,0,0,6,20,2.25,True,False,False,True,False,True,False,False,False,False,False,False,False,False,False,True,False,True,False,False,0.496,False,Not-High,0.496,0.348,0.14800000000000002
29,906,10,3,4,0,92,2,1,1,2404,11479,6,20,4,3,0,3,5,3,0,0,0,0,2404.0,0.0,1,1,3,0,2.75,False,True,True,False,True,False,False,False,False,False,False,False,False,False,True,False,False,False,True,True,0.76,True,High,0.76,0.372,0.388
50,804,9,3,1,1,64,3,1,4,2380,20165,4,18,3,2,0,8,5,3,1,0,0,0,1190.0,0.0196078431372549,0,1,12,5,2.5,False,True,True,False,True,False,False,False,False,False,True,False,False,False,False,False,False,True,False,False,0.224,False,Not-High,0.224,0.116,0.108
26,703,28,2,1,1,66,3,2,2,6272,7428,1,20,4,4,2,6,5,4,5,3,1,4,1045.3333333333333,0.18518518518518517,0,1,8,25,2.75,False,True,False,True,False,True,False,False,False,False,False,False,False,False,False,True,False,True,False,False,0.188,False,Not-High,0.188,0.176,0.01200000000000001
39,672,7,2,3,1,54,2,5,4,19272,21141,1,15,3,1,1,21,2,3,21,9,13,3,876.0,0.525,0,0,12,42,2.75,True,False,True,False,False,False,True,False,False,False,False,True,False,False,False,False,False,True,False,False,0.088,False,Not-High,0.088,0.084,0.00399999999999999
49,722,25,4,3,0,84,3,1,1,3211,22102,1,14,3,4,1,10,3,2,9,6,1,4,321.1,0.18,0,1,2,27,2.5,False,True,True,False,True,False,False,False,False,False,True,False,False,False,False,False,False,True,False,False,0.148,False,Not-High,0.148,0.132,0.015999999999999986
29,718,8,1,2,1,79,2,2,4,5056,17689,1,15,3,3,1,10,2,2,10,7,1,2,459.6363636363636,0.3333333333333333,1,1,8,20,2.75,False,True,True,False,False,False,True,False,False,False,False,False,True,False,False,False,False,True,False,True,0.176,False,Not-High,0.176,0.092,0.08399999999999999
32,529,2,3,4,1,78,3,1,1,2439,11288,1,14,3,4,0,4,4,3,4,2,1,2,487.8,0.12121212121212122,0,1,3,16,3.0,False,True,True,False,False,False,False,False,True,False,False,False,False,False,True,False,False,False,True,False,0.164,False,Not-High,0.164,0.188,-0.023999999999999994
30,1092,10,3,1,0,64,3,3,3,9667,2739,9,14,3,2,0,9,3,3,7,7,0,2,1208.375,0.22580645161290322,0,1,9,21,2.25,False,True,True,False,False,False,True,False,False,False,False,False,True,False,False,False,False,False,True,False,0.196,False,Not-High,0.196,0.244,-0.04799999999999999
27,1240,2,4,4,0,33,3,1,1,2341,19715,1,13,3,4,1,1,6,3,1,0,0,0,1170.5,0.03571428571428571,0,1,3,6,3.0,False,True,True,False,True,False,False,False,False,False,True,False,False,False,False,False,False,False,False,False,0.388,False,High,0.388,0.34,0.04799999999999999
34,937,1,3,1,1,32,3,3,4,9888,6770,1,21,4,1,0,14,3,2,14,8,2,1,659.2,0.4,0,0,8,42,2.0,False,True,False,True,False,True,False,False,False,False,False,False,False,False,False,True,False,False,True,False,0.28,False,High,0.28,0.32,-0.03999999999999998
43,920,3,3,3,1,96,1,5,4,19740,18625,3,14,3,2,1,25,2,3,8,7,0,7,2193.3333333333335,0.18181818181818182,0,1,12,16,3.0,False,True,True,False,True,False,False,False,False,False,False,False,False,True,False,False,False,True,False,False,0.088,False,Not-High,0.088,0.068,0.01999999999999999
33,603,9,4,1,0,77,3,2,1,8224,18385,0,17,3,1,0,6,3,3,5,2,0,3,1370.6666666666667,0.14705882352941177,1,1,3,15,1.5,False,True,False,True,False,True,False,False,False,False,False,False,False,False,False,True,False,False,True,True,0.572,True,Not-High,0.572,0.316,0.25599999999999995
31,793,20,3,3,1,67,4,1,4,2791,21981,0,12,3,1,1,3,4,3,2,2,2,2,930.3333333333334,0.0625,0,0,12,8,2.75,True,False,False,True,True,False,False,False,False,False,False,False,False,False,False,False,True,True,False,False,0.292,False,Not-High,0.292,0.248,0.043999999999999984
43,244,2,3,2,1,97,3,1,4,3539,5033,0,13,3,2,0,10,5,3,9,7,1,8,353.9,0.20454545454545456,0,1,12,45,2.75,False,True,False,False,True,False,False,False,False,True,False,False,False,False,False,False,False,False,True,False,0.072,False,Not-High,0.072,0.108,-0.036000000000000004
44,170,1,4,2,1,78,4,2,1,5033,9364,2,15,3,4,1,10,5,3,2,0,2,2,1677.6666666666667,0.044444444444444446,0,0,3,10,2.5,False,True,True,False,True,False,False,False,False,False,False,False,False,False,False,False,False,True,False,False,0.092,False,Not-High,0.092,0.088,0.0040000000000000036
36,1456,13,5,2,1,96,2,2,1,6134,8658,5,13,3,2,3,16,3,3,2,2,2,2,2044.6666666666667,0.05405405405405406,1,0,3,6,2.0,False,True,False,True,False,True,False,False,False,False,False,False,False,False,False,True,False,False,False,True,0.336,False,Not-High,0.336,0.156,0.18000000000000002
56,1255,1,2,1,0,90,3,1,1,2066,10494,2,22,4,4,1,5,3,4,3,2,1,0,516.5,0.05263157894736842,0,1,4,9,2.5,False,True,True,False,True,False,False,False,False,False,False,False,False,False,True,False,False,True,False,False,0.164,False,Not-High,0.164,0.148,0.016000000000000014
37,1372,1,3,4,0,42,3,1,4,2115,15881,1,12,3,2,0,17,3,3,17,12,5,7,117.5,0.4473684210526316,0,0,12,51,3.25,False,True,True,False,True,False,False,False,False,False,False,False,False,False,True,False,False,False,True,False,0.1,False,Not-High,0.1,0.144,-0.043999999999999984
